/*
 Navicat Premium Data Transfer

 Source Server         : 127.0.0.1
 Source Server Type    : MySQL
 Source Server Version : 50721
 Source Host           : 127.0.0.1:3306
 Source Schema         : platinum

 Target Server Type    : MySQL
 Target Server Version : 50721
 File Encoding         : 65001

 Date: 20/03/2018 13:20:56
*/

SET NAMES utf8mb4;
SET FOREIGN_KEY_CHECKS = 0;

-- ----------------------------
-- Table structure for groups
-- ----------------------------
DROP TABLE IF EXISTS `groups`;
CREATE TABLE `groups` (
  `id` int(10) unsigned NOT NULL AUTO_INCREMENT,
  `group_name` varchar(255) COLLATE utf8mb4_unicode_ci NOT NULL,
  `created_at` timestamp NULL DEFAULT NULL,
  `updated_at` timestamp NULL DEFAULT NULL,
  PRIMARY KEY (`id`)
) ENGINE=InnoDB AUTO_INCREMENT=5 DEFAULT CHARSET=utf8mb4 COLLATE=utf8mb4_unicode_ci;

-- ----------------------------
-- Records of groups
-- ----------------------------
BEGIN;
INSERT INTO `groups` VALUES (1, 'Administrator', '2018-03-20 04:28:15', NULL);
INSERT INTO `groups` VALUES (2, 'User', '2018-03-20 04:28:15', NULL);
COMMIT;

-- ----------------------------
-- Table structure for menus
-- ----------------------------
DROP TABLE IF EXISTS `menus`;
CREATE TABLE `menus` (
  `id` int(10) unsigned NOT NULL AUTO_INCREMENT,
  `parent_id` int(11) NOT NULL,
  `child_count` int(11) NOT NULL,
  `title` varchar(255) COLLATE utf8mb4_unicode_ci NOT NULL,
  `menu_section` varchar(255) COLLATE utf8mb4_unicode_ci NOT NULL,
  `route_name` varchar(255) COLLATE utf8mb4_unicode_ci NOT NULL,
  `params` varchar(255) COLLATE utf8mb4_unicode_ci NOT NULL,
  `query` varchar(255) COLLATE utf8mb4_unicode_ci NOT NULL,
  `icon` varchar(255) COLLATE utf8mb4_unicode_ci NOT NULL,
  `created_at` timestamp NULL DEFAULT NULL,
  `updated_at` timestamp NULL DEFAULT NULL,
  PRIMARY KEY (`id`)
) ENGINE=InnoDB AUTO_INCREMENT=45 DEFAULT CHARSET=utf8mb4 COLLATE=utf8mb4_unicode_ci;

-- ----------------------------
-- Records of menus
-- ----------------------------
BEGIN;
INSERT INTO `menus` VALUES (1, 0, 0, 'Dashboard', 'Menu', 'home-template', '', '', 'pe-7s-keypad', '2018-03-20 04:28:15', NULL);
INSERT INTO `menus` VALUES (2, 0, 3, 'Settings', 'Menu', '', '', '', 'pe-7s-config', '2018-03-20 04:28:15', NULL);
INSERT INTO `menus` VALUES (3, 2, 0, 'Users', 'Menu', 'users', '', '', '', '2018-03-20 04:28:15', NULL);
INSERT INTO `menus` VALUES (4, 2, 0, 'Groups', 'Menu', 'groups', '', '', '', '2018-03-20 04:28:15', NULL);
INSERT INTO `menus` VALUES (5, 2, 0, 'Privileges', 'Menu', 'privileges', '', '', '', '2018-03-20 04:28:15', NULL);
INSERT INTO `menus` VALUES (6, 0, 0, 'Products', 'Menu', 'products', '', '', 'pe-7s-drawer', '2018-03-20 04:28:15', NULL);
INSERT INTO `menus` VALUES (7, 0, 0, 'Transactions', 'Menu', 'transactions', '', '', 'pe-7s-credit', '2018-03-20 04:28:15', NULL);
INSERT INTO `menus` VALUES (8, 0, 2, 'Menu Styles', 'Templates', '', '', '', 'pe-7s-link', '2018-03-20 04:28:15', NULL);
INSERT INTO `menus` VALUES (9, 8, 0, 'Fixed Menu', 'Templates', 'fixed-nav-template', '{\"navStyle\":\"fixed-menu\"}', '', '', '2018-03-20 04:28:15', NULL);
INSERT INTO `menus` VALUES (10, 8, 0, 'Compact Menu', 'Templates', 'compact-nav-template', '{\"navStyle\":\"compact-menu\"}', '', '', '2018-03-20 04:28:15', NULL);
INSERT INTO `menus` VALUES (11, 0, 6, 'Forms', 'Templates', '', '', '', 'pe-7s-note', '2018-03-20 04:28:15', NULL);
INSERT INTO `menus` VALUES (12, 11, 0, 'Form Elements', 'Templates', 'form-elements-template', '', '', '', '2018-03-20 04:28:15', NULL);
INSERT INTO `menus` VALUES (13, 11, 0, 'Form Validation', 'Templates', 'form-validation-template', '', '', '', '2018-03-20 04:28:15', NULL);
INSERT INTO `menus` VALUES (14, 11, 0, 'Form Buttons', 'Templates', 'form-buttons-template', '', '', '', '2018-03-20 04:28:15', NULL);
INSERT INTO `menus` VALUES (15, 11, 0, 'Form Wizards', 'Templates', 'form-wizard-template', '', '', '', '2018-03-20 04:28:15', NULL);
INSERT INTO `menus` VALUES (16, 11, 0, 'File Upload', 'Templates', 'file-upload-template', '', '', '', '2018-03-20 04:28:15', NULL);
INSERT INTO `menus` VALUES (17, 11, 0, 'Wysiwyg Editor', 'Templates', 'wysiwyg-editor-template', '', '', '', '2018-03-20 04:28:15', NULL);
INSERT INTO `menus` VALUES (18, 0, 2, 'Tables', 'Templates', '', '', '', 'pe-7s-browser', '2018-03-20 04:28:15', NULL);
INSERT INTO `menus` VALUES (19, 18, 0, 'Basic Table', 'Templates', 'basic-table-template', '', '', '', '2018-03-20 04:28:15', NULL);
INSERT INTO `menus` VALUES (20, 18, 0, 'Datatable', 'Templates', 'datatable-template', '', '', '', '2018-03-20 04:28:15', NULL);
INSERT INTO `menus` VALUES (21, 0, 0, 'Charts', 'Templates', 'charts-template', '', '', 'pe-7s-graph1', '2018-03-20 04:28:15', NULL);
INSERT INTO `menus` VALUES (22, 0, 10, 'Pages', 'Pages', '', '', '', 'pe-7s-photo-gallery', '2018-03-20 04:28:15', NULL);
INSERT INTO `menus` VALUES (23, 22, 0, 'Invoice', 'Pages', 'invoice-template', '', '', '', '2018-03-20 04:28:15', NULL);
INSERT INTO `menus` VALUES (24, 22, 0, 'Login', 'Pages', 'login-template', '', '', '', '2018-03-20 04:28:15', NULL);
INSERT INTO `menus` VALUES (25, 22, 0, 'Register', 'Pages', 'register-template', '', '', '', '2018-03-20 04:28:15', NULL);
INSERT INTO `menus` VALUES (26, 22, 0, 'Lock Screen', 'Pages', 'lock-screen-template', '', '', '', '2018-03-20 04:28:15', NULL);
INSERT INTO `menus` VALUES (27, 22, 0, 'Media', 'Pages', 'media-template', '', '', '', '2018-03-20 04:28:15', NULL);
INSERT INTO `menus` VALUES (28, 22, 0, 'Chat', 'Pages', 'chat-template', '', '', '', '2018-03-20 04:28:15', NULL);
INSERT INTO `menus` VALUES (29, 22, 0, 'Error 404', 'Pages', 'error-404-template', '', '', '', '2018-03-20 04:28:15', NULL);
INSERT INTO `menus` VALUES (30, 22, 0, 'Error 500', 'Pages', 'error-500-template', '', '', '', '2018-03-20 04:28:15', NULL);
INSERT INTO `menus` VALUES (31, 22, 0, 'Blank Layout', 'Pages', 'blank-layout-template', '', '', '', '2018-03-20 04:28:15', NULL);
INSERT INTO `menus` VALUES (32, 0, 0, 'Calendar', 'Pages', 'calendar-template', '', '', 'pe-7s-date', '2018-03-20 04:28:15', NULL);
INSERT INTO `menus` VALUES (33, 0, 11, 'Icons', 'Pages', '', '', '', 'pe-7s-rocket', '2018-03-20 04:28:15', NULL);
INSERT INTO `menus` VALUES (34, 33, 0, 'Font Awesome', 'Pages', 'font-awesome-template', '', '', '', '2018-03-20 04:28:15', NULL);
INSERT INTO `menus` VALUES (35, 33, 0, 'Batch', 'Pages', 'batch-template', '', '', '', '2018-03-20 04:28:15', NULL);
INSERT INTO `menus` VALUES (36, 33, 0, 'Dashicon', 'Pages', 'dashicon-template', '', '', '', '2018-03-20 04:28:15', NULL);
INSERT INTO `menus` VALUES (37, 33, 0, 'Dripicon', 'Pages', 'dripicon-template', '', '', '', '2018-03-20 04:28:15', NULL);
INSERT INTO `menus` VALUES (38, 33, 0, 'Eightyshades', 'Pages', 'eightyshades-template', '', '', '', '2018-03-20 04:28:15', NULL);
INSERT INTO `menus` VALUES (39, 33, 0, 'Foundation', 'Pages', 'foundation-template', '', '', '', '2018-03-20 04:28:15', NULL);
INSERT INTO `menus` VALUES (40, 33, 0, 'Metrize', 'Pages', 'metrize-template', '', '', '', '2018-03-20 04:28:15', NULL);
INSERT INTO `menus` VALUES (41, 33, 0, 'Simple Line', 'Pages', 'simple-line-template', '', '', '', '2018-03-20 04:28:15', NULL);
INSERT INTO `menus` VALUES (42, 33, 0, 'Themify', 'Pages', 'themify-template', '', '', '', '2018-03-20 04:28:15', NULL);
INSERT INTO `menus` VALUES (43, 33, 0, 'Typeicon', 'Pages', 'typeicon-template', '', '', '', '2018-03-20 04:28:15', NULL);
INSERT INTO `menus` VALUES (44, 33, 0, 'Weather Icon', 'Pages', 'weathericon-template', '', '', '', '2018-03-20 04:28:15', NULL);
COMMIT;

-- ----------------------------
-- Table structure for migrations
-- ----------------------------
DROP TABLE IF EXISTS `migrations`;
CREATE TABLE `migrations` (
  `id` int(10) unsigned NOT NULL AUTO_INCREMENT,
  `migration` varchar(255) COLLATE utf8mb4_unicode_ci NOT NULL,
  `batch` int(11) NOT NULL,
  PRIMARY KEY (`id`)
) ENGINE=InnoDB AUTO_INCREMENT=10 DEFAULT CHARSET=utf8mb4 COLLATE=utf8mb4_unicode_ci;

-- ----------------------------
-- Records of migrations
-- ----------------------------
BEGIN;
INSERT INTO `migrations` VALUES (1, '2014_10_12_000000_create_users_table', 1);
INSERT INTO `migrations` VALUES (2, '2014_10_12_100000_create_password_resets_table', 1);
INSERT INTO `migrations` VALUES (3, '2018_02_14_071522_create_privileges_table', 1);
INSERT INTO `migrations` VALUES (4, '2018_02_14_071639_create_groups_table', 1);
INSERT INTO `migrations` VALUES (5, '2018_02_14_071734_create_menus_table', 1);
INSERT INTO `migrations` VALUES (6, '2018_02_14_071751_create_products_table', 1);
INSERT INTO `migrations` VALUES (7, '2018_02_14_071805_create_settings_table', 1);
INSERT INTO `migrations` VALUES (8, '2018_02_14_071825_create_transaction_details_table', 1);
INSERT INTO `migrations` VALUES (9, '2018_02_14_071841_create_transactions_table', 1);
COMMIT;

-- ----------------------------
-- Table structure for password_resets
-- ----------------------------
DROP TABLE IF EXISTS `password_resets`;
CREATE TABLE `password_resets` (
  `email` varchar(255) COLLATE utf8mb4_unicode_ci NOT NULL,
  `token` varchar(255) COLLATE utf8mb4_unicode_ci NOT NULL,
  `created_at` timestamp NULL DEFAULT NULL,
  KEY `password_resets_email_index` (`email`)
) ENGINE=InnoDB DEFAULT CHARSET=utf8mb4 COLLATE=utf8mb4_unicode_ci;

-- ----------------------------
-- Table structure for privileges
-- ----------------------------
DROP TABLE IF EXISTS `privileges`;
CREATE TABLE `privileges` (
  `id` int(10) unsigned NOT NULL AUTO_INCREMENT,
  `group_id` int(11) NOT NULL,
  `menu_id` int(11) NOT NULL,
  PRIMARY KEY (`id`)
) ENGINE=InnoDB AUTO_INCREMENT=85 DEFAULT CHARSET=utf8mb4 COLLATE=utf8mb4_unicode_ci;

-- ----------------------------
-- Records of privileges
-- ----------------------------
BEGIN;
INSERT INTO `privileges` VALUES (1, 1, 1);
INSERT INTO `privileges` VALUES (2, 1, 2);
INSERT INTO `privileges` VALUES (3, 1, 3);
INSERT INTO `privileges` VALUES (4, 1, 4);
INSERT INTO `privileges` VALUES (5, 1, 5);
INSERT INTO `privileges` VALUES (6, 1, 6);
INSERT INTO `privileges` VALUES (7, 1, 7);
INSERT INTO `privileges` VALUES (8, 1, 8);
INSERT INTO `privileges` VALUES (9, 1, 9);
INSERT INTO `privileges` VALUES (10, 1, 10);
INSERT INTO `privileges` VALUES (11, 1, 11);
INSERT INTO `privileges` VALUES (12, 1, 12);
INSERT INTO `privileges` VALUES (13, 1, 13);
INSERT INTO `privileges` VALUES (14, 1, 14);
INSERT INTO `privileges` VALUES (15, 1, 15);
INSERT INTO `privileges` VALUES (16, 1, 16);
INSERT INTO `privileges` VALUES (17, 1, 17);
INSERT INTO `privileges` VALUES (18, 1, 18);
INSERT INTO `privileges` VALUES (19, 1, 19);
INSERT INTO `privileges` VALUES (20, 1, 20);
INSERT INTO `privileges` VALUES (21, 1, 21);
INSERT INTO `privileges` VALUES (22, 1, 22);
INSERT INTO `privileges` VALUES (23, 1, 23);
INSERT INTO `privileges` VALUES (24, 1, 24);
INSERT INTO `privileges` VALUES (25, 1, 25);
INSERT INTO `privileges` VALUES (26, 1, 26);
INSERT INTO `privileges` VALUES (27, 1, 27);
INSERT INTO `privileges` VALUES (28, 1, 28);
INSERT INTO `privileges` VALUES (29, 1, 29);
INSERT INTO `privileges` VALUES (30, 1, 30);
INSERT INTO `privileges` VALUES (31, 1, 31);
INSERT INTO `privileges` VALUES (32, 1, 32);
INSERT INTO `privileges` VALUES (33, 1, 33);
INSERT INTO `privileges` VALUES (34, 1, 34);
INSERT INTO `privileges` VALUES (35, 1, 35);
INSERT INTO `privileges` VALUES (36, 1, 36);
INSERT INTO `privileges` VALUES (37, 1, 37);
INSERT INTO `privileges` VALUES (38, 1, 38);
INSERT INTO `privileges` VALUES (39, 1, 39);
INSERT INTO `privileges` VALUES (40, 1, 40);
INSERT INTO `privileges` VALUES (41, 1, 41);
INSERT INTO `privileges` VALUES (42, 1, 42);
INSERT INTO `privileges` VALUES (43, 1, 43);
INSERT INTO `privileges` VALUES (44, 1, 44);
INSERT INTO `privileges` VALUES (45, 2, 1);
INSERT INTO `privileges` VALUES (46, 2, 6);
INSERT INTO `privileges` VALUES (47, 2, 7);
INSERT INTO `privileges` VALUES (48, 2, 8);
INSERT INTO `privileges` VALUES (49, 2, 9);
INSERT INTO `privileges` VALUES (50, 2, 10);
INSERT INTO `privileges` VALUES (51, 2, 11);
INSERT INTO `privileges` VALUES (52, 2, 12);
INSERT INTO `privileges` VALUES (53, 2, 13);
INSERT INTO `privileges` VALUES (54, 2, 14);
INSERT INTO `privileges` VALUES (55, 2, 15);
INSERT INTO `privileges` VALUES (56, 2, 16);
INSERT INTO `privileges` VALUES (57, 2, 17);
INSERT INTO `privileges` VALUES (58, 2, 18);
INSERT INTO `privileges` VALUES (59, 2, 19);
INSERT INTO `privileges` VALUES (60, 2, 20);
INSERT INTO `privileges` VALUES (61, 2, 21);
INSERT INTO `privileges` VALUES (62, 2, 22);
INSERT INTO `privileges` VALUES (63, 2, 23);
INSERT INTO `privileges` VALUES (64, 2, 24);
INSERT INTO `privileges` VALUES (65, 2, 25);
INSERT INTO `privileges` VALUES (66, 2, 26);
INSERT INTO `privileges` VALUES (67, 2, 27);
INSERT INTO `privileges` VALUES (68, 2, 28);
INSERT INTO `privileges` VALUES (69, 2, 29);
INSERT INTO `privileges` VALUES (70, 2, 30);
INSERT INTO `privileges` VALUES (71, 2, 31);
INSERT INTO `privileges` VALUES (72, 2, 32);
INSERT INTO `privileges` VALUES (73, 2, 33);
INSERT INTO `privileges` VALUES (74, 2, 34);
INSERT INTO `privileges` VALUES (75, 2, 35);
INSERT INTO `privileges` VALUES (76, 2, 36);
INSERT INTO `privileges` VALUES (77, 2, 37);
INSERT INTO `privileges` VALUES (78, 2, 38);
INSERT INTO `privileges` VALUES (79, 2, 39);
INSERT INTO `privileges` VALUES (80, 2, 40);
INSERT INTO `privileges` VALUES (81, 2, 41);
INSERT INTO `privileges` VALUES (82, 2, 42);
INSERT INTO `privileges` VALUES (83, 2, 43);
INSERT INTO `privileges` VALUES (84, 2, 44);
COMMIT;

-- ----------------------------
-- Table structure for products
-- ----------------------------
DROP TABLE IF EXISTS `products`;
CREATE TABLE `products` (
  `id` int(10) unsigned NOT NULL AUTO_INCREMENT,
  `product_name` varchar(255) COLLATE utf8mb4_unicode_ci NOT NULL,
  `price` int(11) NOT NULL,
  `stock` int(11) NOT NULL,
  `images` text COLLATE utf8mb4_unicode_ci NOT NULL,
  `description` text COLLATE utf8mb4_unicode_ci NOT NULL,
  `created_at` timestamp NULL DEFAULT NULL,
  `updated_at` timestamp NULL DEFAULT NULL,
  PRIMARY KEY (`id`)
) ENGINE=InnoDB AUTO_INCREMENT=251 DEFAULT CHARSET=utf8mb4 COLLATE=utf8mb4_unicode_ci;

-- ----------------------------
-- Records of products
-- ----------------------------
BEGIN;
INSERT INTO `products` VALUES (1, 'ROG Amet', 50, 8, 'https://lorempixel.com/500/500/?55917', 'Commodi impedit tempore repellendus. Magni dolor animi eius qui quia ut. Impedit consequatur voluptates qui commodi et. Hic et quibusdam quo. Dolorum doloremque dolores odit laudantium quos.', '2012-02-05 15:29:26', '2018-03-20 04:28:22');
INSERT INTO `products` VALUES (2, 'Asus Est', 30, 9, 'https://lorempixel.com/500/500/?33517', 'Labore et eos aut exercitationem assumenda fuga. Quidem omnis sed distinctio in natus. Ipsam et esse ipsa sunt nihil aut. Laboriosam eaque cupiditate qui rerum.', '1991-12-04 23:41:46', '2018-03-20 04:28:22');
INSERT INTO `products` VALUES (3, 'Macbook Air Optio', 56, 6, 'https://lorempixel.com/500/500/?95594', 'Nobis et est voluptate eum rerum pariatur maiores. Neque sed et molestias aut suscipit iusto asperiores veniam.', '1986-01-05 21:50:56', '2018-03-20 04:28:22');
INSERT INTO `products` VALUES (4, 'TV Amet', 53, 8, 'https://lorempixel.com/500/500/?69874', 'Qui sunt fuga architecto. Provident repellendus autem rerum veritatis quia. Veritatis ipsa iusto ea corporis quo. Adipisci omnis rerum temporibus rerum laudantium consequatur quibusdam.', '1996-01-30 20:01:11', '2018-03-20 04:28:22');
INSERT INTO `products` VALUES (5, 'Toshiba Ex', 78, 2, 'https://lorempixel.com/500/500/?34819', 'Adipisci ut consequatur aut. Qui ex aperiam voluptas quis eveniet natus iure. Incidunt ut eaque est tempore veniam debitis et deleniti.', '2015-04-11 16:26:18', '2018-03-20 04:28:22');
INSERT INTO `products` VALUES (6, 'Macbook Pro Voluptas', 52, 7, 'https://lorempixel.com/500/500/?51749', 'Ut voluptatem qui minus animi eos qui. Voluptatem omnis ipsam accusantium quidem odio. Quia voluptatem aperiam tempora odit vero est blanditiis.', '1976-07-31 22:33:39', '2018-03-20 04:28:22');
INSERT INTO `products` VALUES (7, 'Macbook Air Dolor', 33, 6, 'https://lorempixel.com/500/500/?13290', 'Maiores reiciendis blanditiis ipsa reiciendis facere. Dolorem occaecati illum recusandae. Fuga rerum necessitatibus cum quia assumenda est amet.', '1977-07-19 14:54:04', '2018-03-20 04:28:22');
INSERT INTO `products` VALUES (8, 'LCD Culpa', 100, 7, 'https://lorempixel.com/500/500/?57525', 'Id et eveniet molestias. Sed sit cupiditate rerum autem qui quis. Ipsum perferendis voluptates non ipsum enim.', '1986-12-25 18:40:03', '2018-03-20 04:28:22');
INSERT INTO `products` VALUES (9, 'Toshiba Magni', 44, 9, 'https://lorempixel.com/500/500/?55698', 'Consequuntur veritatis omnis adipisci tempora optio. Nam et quo eos amet veritatis ut. Iure earum sed et animi quidem odio illum. Quis deserunt similique voluptatem sit.', '1997-10-23 20:49:45', '2018-03-20 04:28:22');
INSERT INTO `products` VALUES (10, 'LED Qui', 40, 3, 'https://lorempixel.com/500/500/?88494', 'Quia expedita sit ipsum praesentium. A ducimus quia enim modi rem quas. Animi voluptatem vero magni dolor.', '1975-10-03 02:14:14', '2018-03-20 04:28:22');
INSERT INTO `products` VALUES (11, 'Macbook Pro Saepe', 40, 10, 'https://lorempixel.com/500/500/?55311', 'Asperiores quae qui voluptatem. Earum sed soluta nam sed. Tenetur nihil beatae consequatur deserunt non non vel. Est placeat vero aliquam est.', '2000-03-07 11:19:34', '2018-03-20 04:28:22');
INSERT INTO `products` VALUES (12, 'LED Maxime', 60, 2, 'https://lorempixel.com/500/500/?73460', 'Architecto quis explicabo eius delectus beatae est rerum. Accusantium sint aut exercitationem dolores. Facere sit rerum magni dolore quam impedit est.', '2011-03-16 15:53:41', '2018-03-20 04:28:22');
INSERT INTO `products` VALUES (13, 'Lumia Deserunt', 44, 10, 'https://lorempixel.com/500/500/?45670', 'Excepturi qui minima excepturi voluptas. Sit qui cum minima. Aut et voluptatem at optio in iusto consequatur. Perspiciatis ex consequatur sunt maxime tempora et ratione.', '2008-07-10 16:22:14', '2018-03-20 04:28:22');
INSERT INTO `products` VALUES (14, 'Lumia Dolor', 61, 7, 'https://lorempixel.com/500/500/?82413', 'Eaque in odio qui blanditiis labore animi rerum. Voluptates vero amet et sunt itaque. Ab aperiam quis corporis esse magni distinctio.', '2012-06-19 21:51:05', '2018-03-20 04:28:22');
INSERT INTO `products` VALUES (15, 'Toshiba Blanditiis', 37, 4, 'https://lorempixel.com/500/500/?62634', 'Voluptas quasi aspernatur molestiae qui. Sequi vel et tempore nostrum ipsum possimus architecto.', '1993-09-13 03:50:17', '2018-03-20 04:28:22');
INSERT INTO `products` VALUES (16, 'Bike Et', 101, 7, 'https://lorempixel.com/500/500/?81546', 'Sit porro qui dolor provident illo totam. Vitae saepe consectetur quae iste assumenda. Non odio explicabo molestias esse.', '2005-09-27 05:43:51', '2018-03-20 04:28:22');
INSERT INTO `products` VALUES (17, 'ROG Error', 99, 10, 'https://lorempixel.com/500/500/?85174', 'Aut sed delectus mollitia similique quia cumque accusantium sapiente. Unde dolore est cupiditate qui laborum quaerat. Minus vel ratione at reiciendis ut et. Ut cumque accusamus voluptatem ut.', '1983-06-17 19:37:27', '2018-03-20 04:28:22');
INSERT INTO `products` VALUES (18, 'Lenovo Eum', 56, 8, 'https://lorempixel.com/500/500/?12381', 'Harum et tempora magni quis non numquam. Nulla error ut cum ex qui. Dolor temporibus mollitia aliquid mollitia consequuntur est. Aut suscipit atque ut.', '1977-09-10 12:51:23', '2018-03-20 04:28:22');
INSERT INTO `products` VALUES (19, 'Lenovo Voluptatem', 71, 7, 'https://lorempixel.com/500/500/?62088', 'Pariatur et vitae assumenda. Dolores dicta provident autem nisi necessitatibus quod eum. Molestiae earum beatae dolorem accusamus.', '2016-12-30 21:39:29', '2018-03-20 04:28:22');
INSERT INTO `products` VALUES (20, 'Bike Corporis', 71, 6, 'https://lorempixel.com/500/500/?89776', 'Nesciunt eaque ducimus sint aut fugiat unde sunt. Aut ea voluptate dolor cumque. Et non error voluptatum itaque dolores dolore. Nesciunt occaecati architecto iste tempore voluptatem vitae voluptatem.', '1998-02-02 00:31:22', '2018-03-20 04:28:22');
INSERT INTO `products` VALUES (21, 'LED Sit', 36, 2, 'https://lorempixel.com/500/500/?17028', 'Animi itaque ipsa aut at. Omnis aut consectetur officia accusantium.', '2007-03-30 22:50:42', '2018-03-20 04:28:22');
INSERT INTO `products` VALUES (22, 'Macbook Pro Repellendus', 108, 1, 'https://lorempixel.com/500/500/?68444', 'Rerum id ut id magnam ullam maxime doloribus doloremque. Incidunt in ullam et maxime placeat. Adipisci qui velit ad qui repudiandae. Quia et voluptas vitae sint quia.', '1979-07-26 09:35:21', '2018-03-20 04:28:22');
INSERT INTO `products` VALUES (23, 'Toshiba Praesentium', 39, 9, 'https://lorempixel.com/500/500/?21444', 'Eos qui et quia soluta iure. Et et ut at facere. Provident cupiditate et rerum rerum quod.', '1993-07-20 05:39:18', '2018-03-20 04:28:22');
INSERT INTO `products` VALUES (24, 'Toshiba Aut', 104, 8, 'https://lorempixel.com/500/500/?26863', 'Ex animi quam qui eum quaerat. Quis ab veniam consequatur nemo. Nulla explicabo veniam qui dolor nobis. Ipsa hic ex ut sunt quasi beatae autem qui.', '1997-12-15 17:43:03', '2018-03-20 04:28:22');
INSERT INTO `products` VALUES (25, 'Bike Doloribus', 57, 8, 'https://lorempixel.com/500/500/?24742', 'Vero facere quo illum. Aut ad id id temporibus. Ut consequatur quia repudiandae eius ut molestias. Doloribus nulla blanditiis minima mollitia perferendis sunt sit.', '2002-11-03 13:29:27', '2018-03-20 04:28:22');
INSERT INTO `products` VALUES (26, 'Lumia Vitae', 42, 9, 'https://lorempixel.com/500/500/?29267', 'Numquam illo asperiores ipsam neque aut. Aut qui blanditiis temporibus iure temporibus. Vitae libero dicta quidem odit.', '1991-07-04 21:29:01', '2018-03-20 04:28:22');
INSERT INTO `products` VALUES (27, 'Macbook Pro Odio', 65, 4, 'https://lorempixel.com/500/500/?67506', 'Veritatis ut asperiores sit illum qui facere expedita. Ea dolorem cumque ex odio dolor facere.', '2016-06-02 05:49:56', '2018-03-20 04:28:22');
INSERT INTO `products` VALUES (28, 'LED Amet', 78, 4, 'https://lorempixel.com/500/500/?17287', 'Velit voluptas natus eos eos sint. Iste consequuntur dolores facilis minima sequi culpa qui. Quidem repellendus qui sapiente. Voluptatum aut adipisci est dolor saepe.', '1976-03-26 07:34:53', '2018-03-20 04:28:22');
INSERT INTO `products` VALUES (29, 'Toshiba Corporis', 75, 9, 'https://lorempixel.com/500/500/?70950', 'Rerum est architecto dicta. Sequi inventore et delectus eius aliquam qui sed tempore. Mollitia consequatur in ut natus. Eius ut possimus eligendi aspernatur dolor omnis et sequi.', '1988-01-18 06:59:05', '2018-03-20 04:28:22');
INSERT INTO `products` VALUES (30, 'Macbook Pro Odit', 91, 4, 'https://lorempixel.com/500/500/?61564', 'Accusamus voluptatum sint autem quia nemo sequi. Perferendis laudantium quis sed. Cupiditate voluptatum in tempora.', '1978-04-28 21:43:57', '2018-03-20 04:28:22');
INSERT INTO `products` VALUES (31, 'Asus Animi', 80, 10, 'https://lorempixel.com/500/500/?65117', 'Sint voluptates voluptates et. Autem natus accusantium ratione sit quidem. Qui aliquam provident recusandae ut dicta minima. Hic molestias nihil et unde sapiente et.', '1994-08-26 02:02:16', '2018-03-20 04:28:22');
INSERT INTO `products` VALUES (32, 'Lenovo Sunt', 35, 2, 'https://lorempixel.com/500/500/?30632', 'Eaque velit laborum at ullam sed deserunt. Sit consequatur hic sit velit praesentium. Nobis eum debitis non sint dignissimos minima.', '1995-03-30 07:02:28', '2018-03-20 04:28:22');
INSERT INTO `products` VALUES (33, 'TV Reprehenderit', 38, 4, 'https://lorempixel.com/500/500/?35318', 'Dolorem quidem quas nemo sit. Iste explicabo autem voluptatum. Totam porro doloremque qui rerum temporibus perspiciatis optio. Perferendis quibusdam dolor assumenda.', '2010-01-13 20:22:07', '2018-03-20 04:28:22');
INSERT INTO `products` VALUES (34, 'Lumia Molestias', 102, 7, 'https://lorempixel.com/500/500/?61892', 'Quo et veritatis omnis est corporis reiciendis vel exercitationem. Sed enim incidunt eaque. Et eius fuga quos culpa ducimus eligendi. Labore aut soluta quia aliquid.', '1970-01-28 18:12:09', '2018-03-20 04:28:22');
INSERT INTO `products` VALUES (35, 'Macbook Air Et', 93, 10, 'https://lorempixel.com/500/500/?11376', 'Libero ut voluptas illo quidem. Beatae quidem sequi doloremque voluptas. Rerum fugit itaque omnis. Aut nisi quo labore autem dolores voluptas.', '1988-07-05 23:19:29', '2018-03-20 04:28:22');
INSERT INTO `products` VALUES (36, 'Lumia Consequatur', 61, 1, 'https://lorempixel.com/500/500/?29118', 'Error ut quidem et dolorem. Est molestiae repellendus et. Veritatis voluptatem est vitae quos repudiandae soluta soluta. Dolorum libero aut corrupti ducimus.', '1986-03-07 21:20:38', '2018-03-20 04:28:22');
INSERT INTO `products` VALUES (37, 'Lumia Eos', 88, 3, 'https://lorempixel.com/500/500/?43166', 'Quibusdam harum sapiente sed. Vel assumenda ipsa et quia. Non magni inventore dignissimos odio aperiam. Ea autem quidem harum iste libero.', '1992-11-09 17:13:14', '2018-03-20 04:28:22');
INSERT INTO `products` VALUES (38, 'Lenovo Sit', 62, 10, 'https://lorempixel.com/500/500/?65698', 'Eveniet quaerat nisi iste occaecati nesciunt eum. Ut nam quisquam ratione nemo quis aliquid assumenda. Tenetur vel voluptatem deserunt sed rem voluptatem facilis.', '2017-06-17 08:19:35', '2018-03-20 04:28:22');
INSERT INTO `products` VALUES (39, 'LCD Et', 77, 1, 'https://lorempixel.com/500/500/?54330', 'Enim esse fugiat maiores nobis quis ea. Dolorum eaque et ducimus mollitia. Et voluptatem dolores est nam. Iste deleniti sit beatae iste voluptatibus sint.', '1994-04-08 10:27:06', '2018-03-20 04:28:22');
INSERT INTO `products` VALUES (40, 'Asus Aut', 93, 10, 'https://lorempixel.com/500/500/?75179', 'Tempora sequi voluptates est numquam unde magni vero est. Veniam non voluptatem autem aperiam sed illo et. Iure magni consequatur consequatur. Sint perspiciatis et omnis tempore.', '1998-05-29 23:09:08', '2018-03-20 04:28:22');
INSERT INTO `products` VALUES (41, 'Toshiba Mollitia', 38, 9, 'https://lorempixel.com/500/500/?43790', 'Molestias vitae earum dignissimos non eos hic. Magni nulla doloribus vero aut inventore nisi. Est et temporibus ullam est.', '1985-04-12 07:13:40', '2018-03-20 04:28:22');
INSERT INTO `products` VALUES (42, 'Lumia Tempora', 81, 9, 'https://lorempixel.com/500/500/?94190', 'Laborum dolor voluptatem sit. Eum dolorem ipsum sint ut consequatur iste iusto. Voluptatem eos id vel quaerat.', '1985-01-22 11:15:14', '2018-03-20 04:28:22');
INSERT INTO `products` VALUES (43, 'Toshiba Non', 93, 1, 'https://lorempixel.com/500/500/?75877', 'Velit sit porro blanditiis sit deserunt similique ea sapiente. Cumque sed fugit recusandae. Tempore itaque est fuga a. Dolorum deserunt dolorum consequatur.', '1988-09-17 09:37:55', '2018-03-20 04:28:22');
INSERT INTO `products` VALUES (44, 'Lumia Velit', 84, 2, 'https://lorempixel.com/500/500/?20654', 'Vel omnis libero aut magni illum error. Omnis enim quia unde natus provident corporis. Cum nesciunt omnis laudantium quam.', '1988-07-01 15:57:36', '2018-03-20 04:28:22');
INSERT INTO `products` VALUES (45, 'LED Quasi', 39, 4, 'https://lorempixel.com/500/500/?52535', 'Sunt non est deserunt dicta. Itaque aut atque quasi suscipit id quas saepe. Ab reprehenderit quae architecto. Sint ipsa aut quo.', '1997-07-12 08:28:09', '2018-03-20 04:28:22');
INSERT INTO `products` VALUES (46, 'Lumia Enim', 68, 4, 'https://lorempixel.com/500/500/?64676', 'Fuga quae pariatur eum reiciendis repellat velit. In corporis dolores qui velit laboriosam. Consectetur natus fugit quos. In voluptate placeat non.', '1980-03-17 23:06:43', '2018-03-20 04:28:22');
INSERT INTO `products` VALUES (47, 'Bike Possimus', 78, 6, 'https://lorempixel.com/500/500/?88030', 'Velit modi voluptas omnis modi. Est perspiciatis aut earum voluptatem. Illum magni quia excepturi cum aperiam ut minus dolorem. Sit debitis laudantium ea.', '2000-10-02 09:33:09', '2018-03-20 04:28:22');
INSERT INTO `products` VALUES (48, 'TV Pariatur', 55, 10, 'https://lorempixel.com/500/500/?94558', 'Sunt omnis dolor illum et explicabo. Labore alias omnis et voluptas aliquid quia unde. Velit et omnis rem et. Eos aut omnis voluptas id molestias cumque labore sint.', '2007-09-29 20:44:42', '2018-03-20 04:28:22');
INSERT INTO `products` VALUES (49, 'LCD Animi', 46, 7, 'https://lorempixel.com/500/500/?88374', 'Minima cum non nemo totam. Vel et accusantium inventore est in. Saepe nobis velit magni rerum. Voluptas officia unde rerum culpa sit ut.', '1990-01-17 16:15:23', '2018-03-20 04:28:22');
INSERT INTO `products` VALUES (50, 'LCD Perferendis', 31, 3, 'https://lorempixel.com/500/500/?34105', 'Eum est consequatur illo qui qui. Et consequatur commodi veniam necessitatibus cumque. Animi deleniti porro sit officia. Quis sunt ducimus et.', '2010-12-04 04:54:36', '2018-03-20 04:28:22');
INSERT INTO `products` VALUES (51, 'Lumia Voluptates', 40, 9, 'https://lorempixel.com/500/500/?17669', 'Eos voluptatem numquam cum ut provident qui dolor. Cumque commodi exercitationem et id magnam. Vero laudantium esse nihil. Voluptas sequi ut vel ipsa qui.', '1975-08-31 13:41:35', '2018-03-20 04:28:22');
INSERT INTO `products` VALUES (52, 'Macbook Pro Ut', 90, 10, 'https://lorempixel.com/500/500/?95692', 'Veniam totam et quibusdam quas rerum aut necessitatibus. Minus unde recusandae odio a et consequatur id et. Et deserunt quae quas voluptatem.', '2008-07-03 04:30:28', '2018-03-20 04:28:22');
INSERT INTO `products` VALUES (53, 'Toshiba Optio', 58, 4, 'https://lorempixel.com/500/500/?64098', 'Est ipsa qui sit recusandae error. Architecto velit nihil perspiciatis. Expedita eius tempora ut sunt. Numquam ad rem optio rerum blanditiis autem molestiae.', '1987-04-29 06:28:46', '2018-03-20 04:28:22');
INSERT INTO `products` VALUES (54, 'Bike Atque', 85, 6, 'https://lorempixel.com/500/500/?67809', 'Harum ea ducimus eveniet odit ipsum libero. Autem molestiae rerum minus et facilis. Pariatur repudiandae dolor facilis natus vel sequi.', '1993-03-04 15:12:21', '2018-03-20 04:28:22');
INSERT INTO `products` VALUES (55, 'Lenovo Cupiditate', 51, 10, 'https://lorempixel.com/500/500/?46869', 'Dolores eaque beatae nemo quidem. Dolorem nobis est quo non aperiam eum nihil. Et et beatae enim aperiam quibusdam beatae.', '1995-04-19 14:10:33', '2018-03-20 04:28:22');
INSERT INTO `products` VALUES (56, 'Lumia Adipisci', 54, 7, 'https://lorempixel.com/500/500/?59442', 'Magni et ipsa voluptates quam sunt dicta perspiciatis soluta. Mollitia quia amet velit voluptate et modi placeat.', '1986-05-18 12:08:18', '2018-03-20 04:28:22');
INSERT INTO `products` VALUES (57, 'LED Aliquam', 38, 5, 'https://lorempixel.com/500/500/?14072', 'Id quia commodi dolorem voluptate similique. Fugiat delectus aut officia fugit maxime vitae voluptas. Dolores dolore non est sunt ratione temporibus.', '1978-05-18 06:39:57', '2018-03-20 04:28:22');
INSERT INTO `products` VALUES (58, 'Macbook Air Doloremque', 79, 4, 'https://lorempixel.com/500/500/?26581', 'Quis ut exercitationem consequuntur cupiditate dolor. Maxime maxime qui nam cumque. Suscipit voluptas eaque corrupti ratione reprehenderit qui sit. Alias tempore ea quas omnis accusantium.', '1996-03-25 01:08:02', '2018-03-20 04:28:22');
INSERT INTO `products` VALUES (59, 'Macbook Pro Voluptatibus', 51, 4, 'https://lorempixel.com/500/500/?86161', 'Vitae facere at sint officia. Saepe asperiores mollitia cum qui. Ea quis consectetur occaecati sit ipsa sit.', '2016-02-17 12:18:29', '2018-03-20 04:28:22');
INSERT INTO `products` VALUES (60, 'Asus Et', 85, 6, 'https://lorempixel.com/500/500/?98618', 'Iste beatae dolore earum alias est. Excepturi alias voluptatem magni reprehenderit quidem minima.', '1995-11-08 01:33:01', '2018-03-20 04:28:22');
INSERT INTO `products` VALUES (61, 'LCD Neque', 92, 3, 'https://lorempixel.com/500/500/?87969', 'Fugit sed quia consequatur a corrupti. Quo et dolor soluta sit et quaerat. Nobis iure ut ut maxime.', '1996-03-13 16:43:01', '2018-03-20 04:28:22');
INSERT INTO `products` VALUES (62, 'Lenovo Iure', 99, 6, 'https://lorempixel.com/500/500/?67396', 'Et eum beatae id magni harum. Vel laudantium voluptatem est voluptatem ipsa cumque libero. Recusandae libero sed corporis eum quia. Est numquam qui illo fuga eum.', '1976-08-03 11:51:53', '2018-03-20 04:28:22');
INSERT INTO `products` VALUES (63, 'ROG Laudantium', 93, 6, 'https://lorempixel.com/500/500/?25383', 'Hic qui vitae dignissimos amet nostrum qui perspiciatis pariatur. Hic illum quia ab non voluptatibus quae. Aperiam harum tempore architecto.', '2006-05-02 06:59:51', '2018-03-20 04:28:22');
INSERT INTO `products` VALUES (64, 'Asus At', 55, 10, 'https://lorempixel.com/500/500/?37024', 'Aut et consequatur ex neque eum dignissimos officia. Unde eveniet possimus quia quasi. Illum quos laudantium magnam hic. Officiis quaerat nihil enim aut.', '2008-11-30 13:48:35', '2018-03-20 04:28:22');
INSERT INTO `products` VALUES (65, 'LED Quas', 50, 7, 'https://lorempixel.com/500/500/?50149', 'Unde consequatur temporibus quasi aut. Et hic ipsa vel praesentium. Omnis provident id ab enim.', '2007-05-12 00:27:53', '2018-03-20 04:28:22');
INSERT INTO `products` VALUES (66, 'LED Qui', 39, 7, 'https://lorempixel.com/500/500/?45239', 'Sed blanditiis dicta quia amet illum dolor. Consequuntur soluta est laboriosam. Dolor et dolorem dolores vel et.', '2001-02-24 20:32:34', '2018-03-20 04:28:22');
INSERT INTO `products` VALUES (67, 'LED Natus', 78, 4, 'https://lorempixel.com/500/500/?67690', 'Ipsum est magnam sequi. Aperiam quos voluptatem voluptas quae nobis. Deleniti earum nemo beatae ut voluptas velit repellat.', '1980-01-20 10:12:32', '2018-03-20 04:28:22');
INSERT INTO `products` VALUES (68, 'LED Minus', 30, 6, 'https://lorempixel.com/500/500/?14056', 'Qui voluptatem amet consequuntur voluptatem vel deleniti. Repellendus sed est dolor non blanditiis enim facere quia. Sed enim aperiam in. Qui nihil enim quod incidunt facere quia quidem.', '1994-04-15 20:01:37', '2018-03-20 04:28:22');
INSERT INTO `products` VALUES (69, 'Lenovo Eligendi', 40, 10, 'https://lorempixel.com/500/500/?44313', 'Molestiae voluptas molestiae provident voluptatem sed et eligendi sunt. Quia ut et quaerat itaque molestiae at inventore distinctio. Magnam repudiandae dolorem dolores voluptate ut.', '1997-04-11 15:59:30', '2018-03-20 04:28:22');
INSERT INTO `products` VALUES (70, 'LED Et', 106, 6, 'https://lorempixel.com/500/500/?86307', 'Quod quasi nesciunt iste voluptatibus veniam placeat. Nisi sit id voluptas et adipisci. Similique tempore corporis corporis alias sint id velit. Incidunt fugit amet illo repudiandae omnis quia.', '1999-12-22 05:15:06', '2018-03-20 04:28:22');
INSERT INTO `products` VALUES (71, 'Lumia Consequatur', 109, 7, 'https://lorempixel.com/500/500/?15991', 'Alias perferendis vitae officiis ea eligendi ut odio. Reiciendis eaque mollitia libero minima doloremque in. Asperiores ipsum quam tenetur quia voluptate nihil esse.', '2012-12-20 01:39:29', '2018-03-20 04:28:22');
INSERT INTO `products` VALUES (72, 'Lumia Debitis', 36, 5, 'https://lorempixel.com/500/500/?97594', 'Non dignissimos nihil molestiae provident esse. Maxime nihil expedita explicabo voluptas autem dolor ipsa aspernatur. Id possimus aspernatur nesciunt corporis.', '1972-09-09 07:56:55', '2018-03-20 04:28:22');
INSERT INTO `products` VALUES (73, 'ROG Mollitia', 93, 9, 'https://lorempixel.com/500/500/?31570', 'Facilis tempora laudantium voluptates quis. Suscipit mollitia quas soluta ut vitae dolorum. Porro commodi occaecati temporibus tenetur ab aut et.', '1997-06-25 16:03:44', '2018-03-20 04:28:22');
INSERT INTO `products` VALUES (74, 'Lumia Impedit', 64, 9, 'https://lorempixel.com/500/500/?10184', 'Qui sit aliquid voluptates est beatae eaque. Vero eaque vero aut culpa ipsam ipsam rerum.', '1985-04-29 02:18:18', '2018-03-20 04:28:22');
INSERT INTO `products` VALUES (75, 'Bike Aut', 59, 3, 'https://lorempixel.com/500/500/?89153', 'Ut aut consequatur vel deserunt. Eos beatae sint quam vitae aut accusamus animi. Quo incidunt dicta rerum et a iste. Mollitia quia omnis nam sint quo.', '1996-02-22 22:53:22', '2018-03-20 04:28:22');
INSERT INTO `products` VALUES (76, 'Lenovo Harum', 98, 2, 'https://lorempixel.com/500/500/?40034', 'Corrupti tempore eum possimus. Sint quia blanditiis tempora qui. Mollitia molestias consectetur enim voluptas.', '1990-10-19 10:52:38', '2018-03-20 04:28:22');
INSERT INTO `products` VALUES (77, 'Macbook Air Maiores', 99, 7, 'https://lorempixel.com/500/500/?70270', 'Ipsam tempora quo velit a. Voluptatibus sed provident quos amet porro autem. Qui itaque atque sequi consectetur veritatis optio. Qui dolorem excepturi in consequatur aliquid facere veritatis.', '1997-10-05 11:15:40', '2018-03-20 04:28:22');
INSERT INTO `products` VALUES (78, 'Macbook Air Rerum', 84, 1, 'https://lorempixel.com/500/500/?16327', 'Error velit autem dolor exercitationem sit molestias eius minima. Quia adipisci voluptate molestiae sunt consectetur ipsa. Ullam suscipit temporibus corrupti.', '1971-01-27 06:00:01', '2018-03-20 04:28:22');
INSERT INTO `products` VALUES (79, 'TV Rerum', 44, 1, 'https://lorempixel.com/500/500/?32806', 'Qui labore rerum aut voluptatem eum laborum. Voluptatem qui sed delectus ut id architecto. Qui ut non aut eos quis dolorem sed.', '2005-12-15 10:32:52', '2018-03-20 04:28:22');
INSERT INTO `products` VALUES (80, 'Lumia Quidem', 71, 4, 'https://lorempixel.com/500/500/?68121', 'Et maxime debitis voluptatum quia quasi. Necessitatibus officiis nostrum praesentium velit est error officiis illo. Quaerat molestiae ut debitis facere. Dolor earum quos officiis et.', '1994-03-04 02:46:00', '2018-03-20 04:28:22');
INSERT INTO `products` VALUES (81, 'Macbook Pro Et', 79, 1, 'https://lorempixel.com/500/500/?10402', 'Ipsum nostrum perspiciatis sunt expedita ratione. Autem est voluptas excepturi eligendi nam voluptatem. Necessitatibus molestiae qui deleniti vel nam qui.', '1973-10-02 06:03:08', '2018-03-20 04:28:22');
INSERT INTO `products` VALUES (82, 'ROG Cupiditate', 33, 3, 'https://lorempixel.com/500/500/?46811', 'Maiores nam quis officia voluptatem molestias ducimus. Excepturi neque est molestiae voluptatibus nesciunt et. Quia impedit asperiores est natus repellendus tempora quibusdam.', '2008-02-13 15:54:00', '2018-03-20 04:28:22');
INSERT INTO `products` VALUES (83, 'Asus Sunt', 87, 9, 'https://lorempixel.com/500/500/?20579', 'Molestiae reiciendis laborum voluptatem. Esse magni enim eum perferendis. Autem minima nulla velit.', '2007-11-02 07:16:03', '2018-03-20 04:28:22');
INSERT INTO `products` VALUES (84, 'Bike Dolorem', 103, 1, 'https://lorempixel.com/500/500/?62817', 'Eum eum delectus aperiam. Omnis porro tempora omnis natus. Consequuntur veritatis vero quia quaerat. Molestias ducimus velit eos voluptas voluptatem.', '2012-04-27 16:55:40', '2018-03-20 04:28:22');
INSERT INTO `products` VALUES (85, 'TV Sunt', 33, 5, 'https://lorempixel.com/500/500/?62890', 'Est et omnis et nobis. Sit et libero voluptatum animi vero. Sunt et alias in quis maxime.', '2005-05-03 23:36:35', '2018-03-20 04:28:22');
INSERT INTO `products` VALUES (86, 'Lenovo Asperiores', 68, 7, 'https://lorempixel.com/500/500/?57557', 'In minus in officiis. Tempora quia animi voluptas earum rem. Fugiat tenetur quis fugit officiis. Ut at est neque harum ut. Non dolorem placeat voluptatem a. Sit eum error rerum esse ut quo.', '1996-02-16 23:04:06', '2018-03-20 04:28:22');
INSERT INTO `products` VALUES (87, 'ROG Sunt', 109, 7, 'https://lorempixel.com/500/500/?20068', 'Dolor excepturi quisquam unde neque. Et quo voluptatem iste porro quae voluptate rerum. Voluptate unde sint omnis vero.', '2003-04-16 21:49:08', '2018-03-20 04:28:22');
INSERT INTO `products` VALUES (88, 'Bike Consequatur', 82, 10, 'https://lorempixel.com/500/500/?33040', 'Laudantium quae repudiandae delectus id blanditiis ipsam. Soluta maxime repudiandae veritatis repellat rerum.', '1971-05-22 19:20:36', '2018-03-20 04:28:22');
INSERT INTO `products` VALUES (89, 'Toshiba Aut', 35, 2, 'https://lorempixel.com/500/500/?51869', 'Eligendi provident quae voluptatem autem delectus. Totam dolorum voluptatibus nulla sit error sed minus qui. Praesentium nulla voluptas neque sed.', '1973-10-02 19:36:45', '2018-03-20 04:28:22');
INSERT INTO `products` VALUES (90, 'LED Ut', 108, 2, 'https://lorempixel.com/500/500/?85243', 'Qui est adipisci provident dolores perferendis. Quibusdam deserunt eos at et. Officia voluptas tempora pariatur molestias temporibus. Consequuntur velit enim officia.', '1988-07-23 04:00:27', '2018-03-20 04:28:22');
INSERT INTO `products` VALUES (91, 'LED Provident', 40, 3, 'https://lorempixel.com/500/500/?57926', 'Voluptates dolorem aliquid quia. Et est at iusto atque ut animi dolorum. Aut numquam qui facilis vero quis. Maxime omnis nihil quis.', '1975-01-04 01:43:10', '2018-03-20 04:28:22');
INSERT INTO `products` VALUES (92, 'Bike Atque', 106, 3, 'https://lorempixel.com/500/500/?97555', 'Ut et libero non vitae id voluptas repellendus. Eaque facilis eum dolorem asperiores quia autem ipsa sed. Est hic perspiciatis et iste cumque debitis dolore sapiente.', '2000-06-15 23:59:00', '2018-03-20 04:28:22');
INSERT INTO `products` VALUES (93, 'LCD Nesciunt', 37, 3, 'https://lorempixel.com/500/500/?98517', 'Suscipit aut voluptas ut ut et maxime. Modi enim quis repellat optio accusamus quia aut corrupti. Quia magni inventore eius ducimus.', '2003-03-08 14:06:17', '2018-03-20 04:28:22');
INSERT INTO `products` VALUES (94, 'Toshiba Deserunt', 42, 8, 'https://lorempixel.com/500/500/?97033', 'Omnis labore incidunt ipsam omnis. Explicabo voluptas repellat debitis. Nihil dolores modi est officia et ipsam impedit. Est repellendus omnis pariatur sint.', '1978-09-09 22:18:34', '2018-03-20 04:28:22');
INSERT INTO `products` VALUES (95, 'Bike Quis', 92, 10, 'https://lorempixel.com/500/500/?32196', 'Necessitatibus et assumenda eos. Molestias quidem repellendus placeat repudiandae.', '1995-02-18 16:45:44', '2018-03-20 04:28:22');
INSERT INTO `products` VALUES (96, 'LED In', 68, 1, 'https://lorempixel.com/500/500/?70792', 'Voluptatum explicabo alias neque est voluptatem eos ea corporis. Omnis et aut ut eum adipisci ea vel ad. Reiciendis blanditiis similique molestias.', '1998-08-30 23:23:01', '2018-03-20 04:28:22');
INSERT INTO `products` VALUES (97, 'Lenovo Quia', 56, 5, 'https://lorempixel.com/500/500/?72274', 'Nostrum consequatur corrupti voluptatem itaque perferendis laboriosam ipsa. Consequatur eum in distinctio sed qui consequuntur. Ratione voluptas et velit aspernatur. Id qui incidunt debitis esse.', '1981-08-08 04:06:39', '2018-03-20 04:28:22');
INSERT INTO `products` VALUES (98, 'Macbook Air Minima', 33, 5, 'https://lorempixel.com/500/500/?40070', 'Dolore ut voluptatem quidem et aut. Rerum et quis non nam rerum. Qui minima quis aliquam nisi.', '2004-10-24 15:44:46', '2018-03-20 04:28:22');
INSERT INTO `products` VALUES (99, 'Macbook Pro Aut', 52, 8, 'https://lorempixel.com/500/500/?19043', 'Dolorem quia dicta dolorem dolorem dolores dolorum. Voluptatibus laborum laboriosam repudiandae id enim. Dolores autem expedita possimus ut rem excepturi recusandae.', '2011-01-16 22:01:10', '2018-03-20 04:28:22');
INSERT INTO `products` VALUES (100, 'TV Neque', 65, 6, 'https://lorempixel.com/500/500/?62704', 'In unde ea in vel iusto dignissimos. Illum nam facere in illo delectus eaque. Dolorum perspiciatis nostrum voluptas ut. Aspernatur ut voluptatem consequuntur enim.', '1980-12-31 12:22:52', '2018-03-20 04:28:22');
INSERT INTO `products` VALUES (101, 'Lumia Laborum', 92, 6, 'https://lorempixel.com/500/500/?23496', 'Quis ullam eveniet optio sunt. Distinctio nisi velit nisi quia delectus et. Aut iusto autem quidem commodi saepe ex. Cum ipsum rerum qui est et corporis quisquam.', '1989-07-29 04:19:57', '2018-03-20 04:28:22');
INSERT INTO `products` VALUES (102, 'LCD Aut', 34, 5, 'https://lorempixel.com/500/500/?79426', 'Qui debitis consequatur aperiam. In consectetur sint officia pariatur accusantium assumenda. Officiis inventore ut at ducimus culpa aut. Quae amet iusto ut delectus.', '1989-07-31 01:11:12', '2018-03-20 04:28:22');
INSERT INTO `products` VALUES (103, 'Lenovo Et', 55, 5, 'https://lorempixel.com/500/500/?94737', 'Vel eum libero soluta aliquam. Aut enim ut quia id adipisci. Quia rerum facere nostrum et aut cum voluptatem.', '1986-08-03 23:49:54', '2018-03-20 04:28:22');
INSERT INTO `products` VALUES (104, 'Bike Pariatur', 53, 4, 'https://lorempixel.com/500/500/?25498', 'Vel sit recusandae dolores ex. Eius reiciendis sed cupiditate ut esse. Placeat aut tempore id ex nobis quia.', '1996-01-27 04:33:23', '2018-03-20 04:28:22');
INSERT INTO `products` VALUES (105, 'Toshiba Magnam', 97, 3, 'https://lorempixel.com/500/500/?39780', 'Sapiente dolorum sed unde corporis. Voluptates quas qui id labore. Rerum et architecto sit atque ut in dolorum. Eaque eum perferendis error sed aspernatur.', '2013-05-06 17:26:27', '2018-03-20 04:28:22');
INSERT INTO `products` VALUES (106, 'Macbook Air Autem', 45, 9, 'https://lorempixel.com/500/500/?36643', 'Esse eos modi voluptas quia. Quod corrupti et praesentium architecto at vel sint. Consequatur commodi fuga et impedit.', '2008-01-11 14:53:04', '2018-03-20 04:28:22');
INSERT INTO `products` VALUES (107, 'Macbook Air Omnis', 103, 3, 'https://lorempixel.com/500/500/?81873', 'Doloribus consequatur error harum eos qui quibusdam sit beatae. Libero iure odio quia. Minima qui enim recusandae dolores vel eligendi est. Cum ratione tempore accusamus quos.', '2000-08-05 08:36:51', '2018-03-20 04:28:22');
INSERT INTO `products` VALUES (108, 'Toshiba Accusantium', 68, 5, 'https://lorempixel.com/500/500/?28007', 'Natus harum repellat qui perferendis labore. Qui reiciendis voluptatem tempora nam. Aliquam fugit numquam voluptatem quia. Illo voluptatibus tenetur delectus ducimus.', '2005-08-16 19:30:02', '2018-03-20 04:28:22');
INSERT INTO `products` VALUES (109, 'Macbook Pro Eum', 103, 9, 'https://lorempixel.com/500/500/?52780', 'Est cupiditate omnis assumenda nesciunt sunt debitis. Ut officiis assumenda qui dolorum.', '1978-01-03 00:02:13', '2018-03-20 04:28:22');
INSERT INTO `products` VALUES (110, 'TV Itaque', 72, 7, 'https://lorempixel.com/500/500/?65139', 'Maiores omnis et sed optio harum eaque natus. Et sed nulla impedit adipisci quia. Aut voluptatibus sint non est voluptatem sint qui. Maxime possimus consequatur temporibus voluptas ea.', '1981-02-07 21:30:51', '2018-03-20 04:28:22');
INSERT INTO `products` VALUES (111, 'LED Quas', 87, 9, 'https://lorempixel.com/500/500/?29315', 'Consequatur asperiores rerum voluptatem sit id ipsam reprehenderit rerum. Et officia velit reprehenderit eum porro sit eum. A tempora dolorem occaecati est.', '2007-07-16 20:17:30', '2018-03-20 04:28:22');
INSERT INTO `products` VALUES (112, 'LED Id', 49, 3, 'https://lorempixel.com/500/500/?46841', 'Asperiores est quia similique illum vero omnis architecto. Id quibusdam dolor laudantium. Repellat repudiandae dolorem earum porro possimus sed.', '1972-11-30 05:02:52', '2018-03-20 04:28:22');
INSERT INTO `products` VALUES (113, 'TV Dignissimos', 92, 6, 'https://lorempixel.com/500/500/?45893', 'Ea quis et exercitationem inventore cupiditate. Ducimus cupiditate odit ratione error et officiis optio. Sed quidem quam dolores rem. Libero distinctio possimus est non.', '2007-06-20 06:34:04', '2018-03-20 04:28:22');
INSERT INTO `products` VALUES (114, 'ROG Nihil', 84, 5, 'https://lorempixel.com/500/500/?20627', 'Perferendis aut consequuntur iste autem voluptatem dolor qui ab. Quis maiores quam odio omnis. Atque provident vel repellat harum nam. Veniam sint et ratione.', '2004-06-24 10:21:00', '2018-03-20 04:28:22');
INSERT INTO `products` VALUES (115, 'Macbook Pro Placeat', 70, 2, 'https://lorempixel.com/500/500/?66750', 'Itaque unde ut voluptatem itaque sit veniam. Vel fuga neque architecto. Aut aut voluptatem sunt ad dolorum facilis.', '1978-07-04 19:26:28', '2018-03-20 04:28:22');
INSERT INTO `products` VALUES (116, 'Bike Rerum', 66, 9, 'https://lorempixel.com/500/500/?89380', 'Deserunt non unde at amet omnis. Molestiae magnam porro veritatis itaque. Maxime corrupti temporibus aut sed.', '1992-06-06 20:12:59', '2018-03-20 04:28:22');
INSERT INTO `products` VALUES (117, 'LCD Architecto', 34, 3, 'https://lorempixel.com/500/500/?52411', 'Et et eligendi est quia quod consequatur illum. Veritatis molestias dolor quos odit qui. Repellendus et voluptas qui et adipisci. Sit eos voluptatem non repellendus ea minus ut animi.', '2017-07-12 20:27:51', '2018-03-20 04:28:22');
INSERT INTO `products` VALUES (118, 'Lenovo Doloribus', 81, 2, 'https://lorempixel.com/500/500/?42073', 'Et ut animi tempore praesentium. Minus quo similique repudiandae.', '2009-09-14 22:18:00', '2018-03-20 04:28:22');
INSERT INTO `products` VALUES (119, 'LCD Quis', 99, 10, 'https://lorempixel.com/500/500/?95095', 'Ab nostrum ipsum explicabo modi. Dicta maxime suscipit eligendi quae exercitationem quia. Sint iusto quis alias sapiente. Sed labore quia reprehenderit alias inventore.', '1990-08-29 02:56:35', '2018-03-20 04:28:22');
INSERT INTO `products` VALUES (120, 'Toshiba Rerum', 70, 5, 'https://lorempixel.com/500/500/?11542', 'Molestias distinctio perferendis et tenetur doloremque maiores cupiditate non. Dolorem doloribus eos est officia amet vero eum. Blanditiis consequatur in at in veritatis blanditiis.', '2001-10-14 19:59:27', '2018-03-20 04:28:22');
INSERT INTO `products` VALUES (121, 'Lumia Omnis', 76, 6, 'https://lorempixel.com/500/500/?40405', 'Tempore quod est omnis qui excepturi et exercitationem. Voluptatem qui doloremque quod consequatur similique. Ut vero eum pariatur omnis rem molestiae. Deleniti asperiores expedita porro dolores.', '2002-01-23 19:00:29', '2018-03-20 04:28:22');
INSERT INTO `products` VALUES (122, 'LED Quaerat', 32, 1, 'https://lorempixel.com/500/500/?79050', 'Eum delectus delectus omnis eum est qui hic. Consequatur voluptatum voluptatem ratione eos illo. Aspernatur perspiciatis quae omnis laudantium deserunt rerum ipsam dolor.', '2003-01-09 04:51:22', '2018-03-20 04:28:22');
INSERT INTO `products` VALUES (123, 'Toshiba Inventore', 91, 6, 'https://lorempixel.com/500/500/?24886', 'Enim id dignissimos cum sed dolores. Doloremque qui facere temporibus. Corporis et eum reiciendis hic sunt iure dolorum.', '1971-01-28 08:29:09', '2018-03-20 04:28:22');
INSERT INTO `products` VALUES (124, 'Asus Dolor', 82, 6, 'https://lorempixel.com/500/500/?49415', 'Ipsum in animi nesciunt odio qui. Rerum et aut vitae quae assumenda et. Est eaque et doloribus voluptatibus ducimus cumque quam veniam.', '1971-02-01 08:32:54', '2018-03-20 04:28:22');
INSERT INTO `products` VALUES (125, 'Asus Voluptatem', 87, 3, 'https://lorempixel.com/500/500/?29597', 'Beatae nihil necessitatibus magni placeat repudiandae. Quaerat sunt suscipit cum quia omnis quis. Non a et voluptate occaecati ad. Consequuntur vel officia velit sed fugit et.', '2004-09-30 04:54:18', '2018-03-20 04:28:22');
INSERT INTO `products` VALUES (126, 'Macbook Air Magnam', 43, 5, 'https://lorempixel.com/500/500/?89604', 'Architecto sint dolore perspiciatis consequatur qui similique. Mollitia consequuntur et eaque quisquam voluptatem ut error.', '1992-02-01 11:14:14', '2018-03-20 04:28:22');
INSERT INTO `products` VALUES (127, 'TV Sed', 63, 9, 'https://lorempixel.com/500/500/?29676', 'Iusto et et et voluptatem. Vel rerum dolor dolore eaque. Exercitationem quis porro at illo expedita.', '2007-05-20 10:50:36', '2018-03-20 04:28:22');
INSERT INTO `products` VALUES (128, 'Lumia Alias', 47, 10, 'https://lorempixel.com/500/500/?15298', 'Quia dolorem tenetur omnis voluptatem vel dolorem dolores. Harum quo ut voluptatem. Earum voluptatem saepe et. Recusandae eos consequuntur nobis neque odit.', '1977-09-21 20:00:54', '2018-03-20 04:28:22');
INSERT INTO `products` VALUES (129, 'Lumia Eos', 71, 6, 'https://lorempixel.com/500/500/?51444', 'Officia soluta iure pariatur. Quidem eaque est dolore aut tempore fugiat. Et iste illo eligendi deleniti. Tempora voluptatem sunt expedita reiciendis.', '1998-05-29 11:14:47', '2018-03-20 04:28:22');
INSERT INTO `products` VALUES (130, 'Macbook Pro Blanditiis', 108, 10, 'https://lorempixel.com/500/500/?94012', 'Esse molestiae autem ut nemo sit qui. Nisi aliquam unde ut et. Eum deserunt perspiciatis laborum sit cupiditate.', '1986-09-17 21:39:45', '2018-03-20 04:28:22');
INSERT INTO `products` VALUES (131, 'ROG Quia', 87, 5, 'https://lorempixel.com/500/500/?52684', 'Aut ea nemo voluptate blanditiis. Accusantium aut recusandae nam et accusamus error.', '1995-11-11 10:44:57', '2018-03-20 04:28:22');
INSERT INTO `products` VALUES (132, 'ROG Possimus', 99, 3, 'https://lorempixel.com/500/500/?62928', 'Quis aut iure rerum. Et neque vero aliquid voluptas repudiandae molestiae. Vel id assumenda et eum sed blanditiis eligendi.', '1989-12-01 19:57:58', '2018-03-20 04:28:22');
INSERT INTO `products` VALUES (133, 'ROG Quo', 102, 9, 'https://lorempixel.com/500/500/?81806', 'Ducimus ab consequatur aut aliquam quisquam ut pariatur. Animi qui debitis aspernatur quo ut. Itaque dolores voluptates velit commodi illum. Officiis atque sit doloremque veniam officia ipsam.', '1981-03-28 15:02:06', '2018-03-20 04:28:22');
INSERT INTO `products` VALUES (134, 'ROG Odit', 58, 3, 'https://lorempixel.com/500/500/?40721', 'Iusto nam animi deserunt dolores quisquam sed aliquam magnam. Eum vel quos sapiente neque ut unde. Aliquam enim ea laboriosam accusamus dolor.', '1981-02-15 11:24:03', '2018-03-20 04:28:22');
INSERT INTO `products` VALUES (135, 'LCD Deserunt', 79, 1, 'https://lorempixel.com/500/500/?86240', 'Maxime sed soluta consequatur velit. Quasi totam quibusdam eum debitis. Debitis placeat aut et qui sint et aliquid.', '1984-03-22 09:19:58', '2018-03-20 04:28:22');
INSERT INTO `products` VALUES (136, 'Macbook Pro Id', 69, 3, 'https://lorempixel.com/500/500/?10717', 'Amet quae deleniti assumenda velit adipisci magnam illo. Aperiam ea quod sed consequatur enim est. Voluptatem sunt tempora hic. Qui qui expedita rerum earum.', '1982-07-30 18:26:27', '2018-03-20 04:28:22');
INSERT INTO `products` VALUES (137, 'LED Ipsam', 47, 8, 'https://lorempixel.com/500/500/?31601', 'Ab sint accusantium molestiae voluptatem. Sit dolore itaque pariatur eum ratione dignissimos. Dolores consequatur similique voluptas repudiandae vel non. Nostrum vitae autem recusandae consequatur.', '2010-01-07 22:26:24', '2018-03-20 04:28:22');
INSERT INTO `products` VALUES (138, 'Lenovo Natus', 104, 10, 'https://lorempixel.com/500/500/?90679', 'Eveniet similique voluptatem ab temporibus asperiores necessitatibus ea. Velit et nostrum in et. Ad aut dolorem vel animi.', '2002-12-03 21:05:33', '2018-03-20 04:28:22');
INSERT INTO `products` VALUES (139, 'ROG Sit', 41, 6, 'https://lorempixel.com/500/500/?95716', 'Eum rerum ad dolorem ut dolores officia expedita aut. Molestiae ab libero et aliquam error magni cupiditate omnis. Delectus mollitia aspernatur accusantium sed.', '1971-06-28 19:46:15', '2018-03-20 04:28:22');
INSERT INTO `products` VALUES (140, 'Lumia Voluptatibus', 83, 6, 'https://lorempixel.com/500/500/?28091', 'Aperiam exercitationem qui eveniet eum mollitia est. Nostrum at tempora accusantium omnis eaque quibusdam facere provident. Enim fuga velit autem odit asperiores.', '1970-05-10 19:34:14', '2018-03-20 04:28:22');
INSERT INTO `products` VALUES (141, 'Asus Voluptatibus', 58, 3, 'https://lorempixel.com/500/500/?34327', 'Qui temporibus sint cupiditate. Sed nihil temporibus deserunt. Nam culpa iusto sint nulla totam deleniti qui. Ab quisquam nulla necessitatibus amet. Et qui inventore rerum totam a autem nisi.', '1994-10-01 02:35:29', '2018-03-20 04:28:22');
INSERT INTO `products` VALUES (142, 'Lumia Dolores', 32, 10, 'https://lorempixel.com/500/500/?18585', 'Maxime at architecto quod corrupti enim quas quasi. Nihil numquam necessitatibus enim et. Ducimus ullam omnis consequuntur labore aliquid eum aliquid.', '2003-07-09 10:43:36', '2018-03-20 04:28:22');
INSERT INTO `products` VALUES (143, 'Bike Qui', 76, 8, 'https://lorempixel.com/500/500/?29830', 'Consectetur quas qui rerum esse quo. Minus quaerat est iusto qui. Adipisci reiciendis et ipsum adipisci sequi alias neque expedita. Voluptates suscipit aperiam et molestiae.', '2015-02-03 19:46:12', '2018-03-20 04:28:22');
INSERT INTO `products` VALUES (144, 'LCD Eaque', 105, 9, 'https://lorempixel.com/500/500/?20533', 'Sit sit saepe temporibus molestiae occaecati eos quibusdam optio. Provident rem modi nostrum esse. Autem animi libero ipsa sapiente.', '1999-08-17 19:23:22', '2018-03-20 04:28:22');
INSERT INTO `products` VALUES (145, 'ROG Ut', 69, 6, 'https://lorempixel.com/500/500/?82766', 'In incidunt eos deleniti. Possimus perferendis vel saepe nam velit nisi numquam id. Officiis officiis dolor ut maxime autem illum perferendis. Rerum vero voluptatem aliquam pariatur inventore.', '1972-07-06 21:35:36', '2018-03-20 04:28:22');
INSERT INTO `products` VALUES (146, 'Macbook Pro Ducimus', 57, 10, 'https://lorempixel.com/500/500/?46358', 'Cumque quidem error enim vero eos. Laboriosam doloremque minima praesentium. Sint fugiat aut tempore incidunt alias velit vitae et.', '1973-11-02 02:37:47', '2018-03-20 04:28:22');
INSERT INTO `products` VALUES (147, 'Macbook Air Molestias', 30, 6, 'https://lorempixel.com/500/500/?27711', 'Quaerat dolor enim eveniet error repudiandae. Amet omnis sit incidunt esse ea qui. Dolorum non nihil autem accusamus cum soluta.', '2004-12-06 15:36:51', '2018-03-20 04:28:22');
INSERT INTO `products` VALUES (148, 'Macbook Air Omnis', 86, 4, 'https://lorempixel.com/500/500/?41974', 'Ut est aspernatur eos sit sunt. Veritatis vitae voluptatibus occaecati sunt aut sed non quas. Voluptates porro voluptatibus et quidem. Ut quod itaque ut dolore.', '1983-04-24 18:50:26', '2018-03-20 04:28:22');
INSERT INTO `products` VALUES (149, 'TV Nemo', 106, 3, 'https://lorempixel.com/500/500/?86243', 'Aspernatur quos repellat quaerat aspernatur. Distinctio harum corrupti et aut dolorum iste aut minima. Mollitia quo consequatur sed. Qui officia incidunt autem cum dolores.', '2008-03-19 08:42:48', '2018-03-20 04:28:22');
INSERT INTO `products` VALUES (150, 'Macbook Air Culpa', 73, 1, 'https://lorempixel.com/500/500/?18541', 'Aliquid id reprehenderit excepturi ut. Praesentium inventore nemo vero delectus quis ipsum labore.', '2006-12-18 17:50:03', '2018-03-20 04:28:22');
INSERT INTO `products` VALUES (151, 'ROG Animi', 105, 10, 'https://lorempixel.com/500/500/?73272', 'Dolore aperiam eaque molestiae quis aut. At non aut eum est aut atque. Fugit reprehenderit cumque ut laudantium voluptatem.', '1998-04-27 19:59:04', '2018-03-20 04:28:22');
INSERT INTO `products` VALUES (152, 'LCD Aspernatur', 107, 6, 'https://lorempixel.com/500/500/?86536', 'Quo facere qui rerum sed aut praesentium et amet. Recusandae aut rerum hic. Eveniet voluptates alias eos rerum. Sint vel laudantium eius similique in.', '1974-10-05 08:03:09', '2018-03-20 04:28:22');
INSERT INTO `products` VALUES (153, 'Bike Sunt', 47, 6, 'https://lorempixel.com/500/500/?70039', 'Recusandae voluptatibus voluptatem dolor. Voluptas commodi porro est architecto. Libero repellat placeat eos quia.', '1976-12-07 22:01:38', '2018-03-20 04:28:22');
INSERT INTO `products` VALUES (154, 'ROG Iure', 34, 8, 'https://lorempixel.com/500/500/?17024', 'Omnis nulla molestiae corrupti sit quis at rerum corrupti. Expedita nisi omnis ut qui odio. At quibusdam adipisci maxime eaque. Consequatur facilis voluptatum eius quia.', '2000-04-23 06:23:57', '2018-03-20 04:28:22');
INSERT INTO `products` VALUES (155, 'LED Veritatis', 89, 6, 'https://lorempixel.com/500/500/?53472', 'Illum est et impedit exercitationem ducimus aut reiciendis. Est repudiandae dicta temporibus molestiae corporis dicta expedita explicabo.', '1976-05-23 20:54:58', '2018-03-20 04:28:22');
INSERT INTO `products` VALUES (156, 'ROG Facilis', 109, 10, 'https://lorempixel.com/500/500/?44317', 'Nulla rerum nobis et laboriosam repudiandae doloremque corrupti molestiae. Vel dolores officia repellat ipsam. Omnis qui sunt ab.', '2006-04-05 11:02:24', '2018-03-20 04:28:22');
INSERT INTO `products` VALUES (157, 'TV Qui', 64, 7, 'https://lorempixel.com/500/500/?43686', 'Deserunt quis perspiciatis magnam et qui. Rerum earum minus consequatur sapiente possimus. Maiores vel dicta quod officiis aperiam qui cumque. Delectus deserunt tempore repudiandae et alias ratione.', '1971-09-17 19:38:47', '2018-03-20 04:28:22');
INSERT INTO `products` VALUES (158, 'Toshiba Quis', 48, 7, 'https://lorempixel.com/500/500/?37773', 'Delectus ipsam et non molestias. Qui illum eius eos optio in. Velit unde et in qui ab voluptatibus. Molestiae saepe laboriosam aliquam ut. Et hic ut id.', '1989-11-16 17:03:01', '2018-03-20 04:28:22');
INSERT INTO `products` VALUES (159, 'Macbook Pro Expedita', 108, 8, 'https://lorempixel.com/500/500/?13675', 'Accusantium recusandae provident et. Omnis voluptas consequuntur in consequatur ut. Et dolores sequi officia omnis. Quod illo maiores quam qui quod cumque.', '1970-11-29 11:19:26', '2018-03-20 04:28:22');
INSERT INTO `products` VALUES (160, 'TV Deleniti', 69, 2, 'https://lorempixel.com/500/500/?69810', 'Eius ut aut rem dolorum ipsum. Omnis non alias aut esse.', '1970-03-03 13:28:42', '2018-03-20 04:28:22');
INSERT INTO `products` VALUES (161, 'Toshiba Quia', 42, 8, 'https://lorempixel.com/500/500/?91825', 'Aliquam quod voluptatibus voluptas non. Minima quisquam eius eveniet nam in suscipit consectetur et. Quisquam itaque vitae quam. Et est iure asperiores odit.', '1991-01-14 13:27:55', '2018-03-20 04:28:22');
INSERT INTO `products` VALUES (162, 'Lenovo Rerum', 43, 3, 'https://lorempixel.com/500/500/?67650', 'Voluptates quia ut iure labore animi sit quis veniam. Et atque molestiae omnis dolorem dicta voluptatem. Voluptas unde id consequuntur. Asperiores assumenda ea rerum dicta rerum amet quia sint.', '1981-02-22 10:47:55', '2018-03-20 04:28:22');
INSERT INTO `products` VALUES (163, 'Macbook Air Vitae', 70, 3, 'https://lorempixel.com/500/500/?86607', 'Aut voluptatibus quis ad nihil suscipit et. A error ut ab doloribus eligendi delectus. Reprehenderit eligendi autem quis earum minima inventore.', '1987-01-31 11:49:41', '2018-03-20 04:28:22');
INSERT INTO `products` VALUES (164, 'Lumia Ipsum', 91, 10, 'https://lorempixel.com/500/500/?71472', 'Ut et saepe consequatur ullam veniam ratione. Est aut ut ut qui dolor. Dignissimos natus quia cum placeat corporis. Sunt eum qui iure sint enim iste necessitatibus.', '1973-08-11 14:17:16', '2018-03-20 04:28:22');
INSERT INTO `products` VALUES (165, 'ROG Cum', 107, 5, 'https://lorempixel.com/500/500/?39798', 'Dolor commodi laudantium occaecati aut minus. Dolorum iure sed a. Qui qui inventore molestiae nam magni ea. Quae explicabo quos recusandae aut natus.', '2001-05-09 21:38:42', '2018-03-20 04:28:22');
INSERT INTO `products` VALUES (166, 'Macbook Air Ut', 41, 5, 'https://lorempixel.com/500/500/?55312', 'Molestiae rerum facilis repudiandae ut velit cupiditate fuga sit. Rerum ab qui quibusdam minima et aut fuga vel. Consequatur eos et sunt fugiat autem accusamus sit.', '1971-11-28 00:28:43', '2018-03-20 04:28:22');
INSERT INTO `products` VALUES (167, 'Bike Perspiciatis', 94, 10, 'https://lorempixel.com/500/500/?71741', 'Qui sed accusamus vitae laborum alias repellendus. Architecto et molestias non quia ab. Dolor non amet deleniti quis vero eius. Et id sit pariatur occaecati ut.', '1993-07-24 14:08:12', '2018-03-20 04:28:22');
INSERT INTO `products` VALUES (168, 'Macbook Pro Nobis', 59, 4, 'https://lorempixel.com/500/500/?19465', 'Qui facere sed iure incidunt consectetur. Est id possimus sapiente perferendis sed et vero. Est aliquid officiis et at ipsam beatae incidunt.', '1975-06-19 04:21:35', '2018-03-20 04:28:22');
INSERT INTO `products` VALUES (169, 'Macbook Air Magni', 79, 7, 'https://lorempixel.com/500/500/?73542', 'Et similique voluptatem aspernatur voluptate nobis. Voluptas dolorem recusandae nostrum amet neque. Suscipit sint labore illum sed. Unde modi necessitatibus eligendi.', '2012-12-27 01:26:48', '2018-03-20 04:28:22');
INSERT INTO `products` VALUES (170, 'ROG Est', 73, 8, 'https://lorempixel.com/500/500/?73303', 'Accusantium alias ducimus cumque architecto sed. Fugiat odio numquam veritatis sed veniam. Voluptas in assumenda totam dolorum dolore quam.', '1976-10-12 14:54:32', '2018-03-20 04:28:22');
INSERT INTO `products` VALUES (171, 'Lenovo Aut', 43, 8, 'https://lorempixel.com/500/500/?41548', 'Perspiciatis neque quis officiis magni rerum neque ex aut. Ea architecto eveniet quo corporis ipsa cum ratione. Asperiores sunt et est iste.', '1996-08-02 18:59:53', '2018-03-20 04:28:22');
INSERT INTO `products` VALUES (172, 'Macbook Pro Est', 31, 2, 'https://lorempixel.com/500/500/?25479', 'Et quos rerum laborum similique fugit mollitia non. Ea veniam odio consequuntur. Pariatur vitae totam expedita qui hic. Voluptatibus incidunt expedita officiis.', '2015-04-18 18:49:48', '2018-03-20 04:28:22');
INSERT INTO `products` VALUES (173, 'Bike Explicabo', 44, 2, 'https://lorempixel.com/500/500/?37864', 'Quod sequi ratione rem perspiciatis. Minus totam vel labore eos cumque. Maiores iure error voluptates aut eum.', '2002-03-04 08:52:27', '2018-03-20 04:28:22');
INSERT INTO `products` VALUES (174, 'Lenovo Mollitia', 48, 7, 'https://lorempixel.com/500/500/?34200', 'Unde qui dolorem aspernatur nam ut provident quo. Id provident cum a fugiat. Enim dolores veritatis est nemo voluptas.', '1983-05-05 11:45:54', '2018-03-20 04:28:22');
INSERT INTO `products` VALUES (175, 'ROG Magnam', 62, 1, 'https://lorempixel.com/500/500/?37276', 'Aperiam voluptates distinctio velit eaque vero expedita officia optio. Quos totam velit laborum iure. Qui possimus et quis. Repudiandae possimus laudantium enim quia.', '1987-07-09 01:36:52', '2018-03-20 04:28:22');
INSERT INTO `products` VALUES (176, 'Toshiba Quibusdam', 62, 9, 'https://lorempixel.com/500/500/?38290', 'Iure nobis numquam modi nam. Consequatur laudantium quo quam nemo. Dolorum at atque est esse eos qui aspernatur nihil. Aut qui esse repellat veritatis animi eum voluptatum.', '2008-10-17 01:15:15', '2018-03-20 04:28:22');
INSERT INTO `products` VALUES (177, 'Lumia Quis', 48, 2, 'https://lorempixel.com/500/500/?24288', 'Eaque ea velit est eaque vel voluptatem quisquam. Deleniti distinctio aut quos consequatur praesentium omnis. Dolorum provident vero suscipit beatae.', '2003-03-01 12:48:13', '2018-03-20 04:28:22');
INSERT INTO `products` VALUES (178, 'ROG Sunt', 67, 4, 'https://lorempixel.com/500/500/?23770', 'Non architecto nulla ut nemo in. Suscipit ut qui ipsa veritatis quia facilis et. Ut quis non tempora placeat quo est iure.', '1971-12-13 17:15:43', '2018-03-20 04:28:22');
INSERT INTO `products` VALUES (179, 'LCD Ducimus', 71, 1, 'https://lorempixel.com/500/500/?87717', 'Suscipit rerum aperiam nostrum. Cum et iste ut sapiente eaque. Exercitationem ipsa cupiditate commodi eius delectus.', '1989-02-20 12:46:16', '2018-03-20 04:28:22');
INSERT INTO `products` VALUES (180, 'Asus Fugiat', 78, 3, 'https://lorempixel.com/500/500/?78021', 'Ut totam unde deserunt veritatis voluptatibus quos consequatur. Non quae odio alias esse. Velit nostrum voluptatem sapiente eligendi.', '1972-01-15 17:08:26', '2018-03-20 04:28:22');
INSERT INTO `products` VALUES (181, 'LED Quibusdam', 92, 9, 'https://lorempixel.com/500/500/?34443', 'Nihil mollitia voluptas fuga delectus cupiditate fugit repellendus. Ut cum blanditiis temporibus eius dolores. Quia nostrum cumque nulla dolor sapiente.', '1981-06-12 13:29:48', '2018-03-20 04:28:22');
INSERT INTO `products` VALUES (182, 'TV Non', 104, 6, 'https://lorempixel.com/500/500/?86207', 'Qui perferendis vero dolor ex enim in. Consequatur aut libero cupiditate omnis. Vitae voluptatem iusto aliquam in tenetur sed et. Consequatur quam ex eligendi aliquam deserunt.', '1999-01-31 20:13:19', '2018-03-20 04:28:22');
INSERT INTO `products` VALUES (183, 'ROG Velit', 59, 5, 'https://lorempixel.com/500/500/?82087', 'Aut illo autem aliquam delectus. Quam minus debitis quis veniam quos mollitia accusamus. Inventore culpa provident consectetur tempora ut quis.', '1979-03-28 08:14:57', '2018-03-20 04:28:22');
INSERT INTO `products` VALUES (184, 'LCD Iste', 50, 8, 'https://lorempixel.com/500/500/?40799', 'Deserunt vel et est ratione quo. Architecto sequi iste aut dolorem. Aspernatur qui consequatur enim odio velit quibusdam omnis. Nihil id porro dolor maiores dolorum.', '1974-11-24 02:19:17', '2018-03-20 04:28:22');
INSERT INTO `products` VALUES (185, 'TV Exercitationem', 89, 9, 'https://lorempixel.com/500/500/?97510', 'Quo velit possimus praesentium ullam quas. Praesentium et natus adipisci temporibus error sed. Omnis est voluptatem et aut voluptas sed. Unde quis maiores velit magnam sed quam.', '1979-05-10 01:29:51', '2018-03-20 04:28:22');
INSERT INTO `products` VALUES (186, 'LCD Fugiat', 106, 7, 'https://lorempixel.com/500/500/?75228', 'Id numquam dolorem tenetur quae perferendis itaque. Omnis facilis fugit adipisci dolor sed. Facere temporibus et saepe et modi.', '2005-12-30 10:42:32', '2018-03-20 04:28:22');
INSERT INTO `products` VALUES (187, 'Bike Qui', 39, 6, 'https://lorempixel.com/500/500/?31773', 'Rerum alias a asperiores voluptatum. Deserunt doloremque iure quasi et mollitia. Dolor voluptatem sunt blanditiis nobis eos explicabo quia architecto. In magnam doloremque odit dolorum.', '2015-05-07 06:15:27', '2018-03-20 04:28:22');
INSERT INTO `products` VALUES (188, 'Bike Nulla', 74, 8, 'https://lorempixel.com/500/500/?40171', 'Dicta officia et quibusdam molestias aspernatur omnis beatae. Nostrum ratione error omnis et aliquam qui. Et eligendi necessitatibus non exercitationem sed.', '1994-07-09 22:47:01', '2018-03-20 04:28:22');
INSERT INTO `products` VALUES (189, 'Asus Maiores', 107, 3, 'https://lorempixel.com/500/500/?93646', 'Quod ullam illum omnis sint est in. Molestias et veniam modi temporibus ullam nesciunt dolor. Saepe iure repellendus voluptatem at earum. Et qui quia nemo occaecati.', '2002-02-15 04:32:37', '2018-03-20 04:28:22');
INSERT INTO `products` VALUES (190, 'Macbook Air Cumque', 107, 8, 'https://lorempixel.com/500/500/?45618', 'Facere error qui voluptate nihil incidunt id. Cupiditate rerum beatae sed maiores quisquam inventore dolores. Esse sit et enim non quia doloribus et. Vero sunt ipsam dolor quasi ipsa pariatur.', '1985-04-08 02:31:03', '2018-03-20 04:28:22');
INSERT INTO `products` VALUES (191, 'Lenovo Tempore', 51, 7, 'https://lorempixel.com/500/500/?47777', 'Cupiditate aut fugit est voluptas cumque. Quia eos est quia ab adipisci. Autem qui dolorem blanditiis. Incidunt inventore cupiditate libero sed error.', '1986-08-30 02:12:17', '2018-03-20 04:28:22');
INSERT INTO `products` VALUES (192, 'Bike Fugiat', 77, 3, 'https://lorempixel.com/500/500/?26825', 'Sed delectus et nobis. Earum mollitia voluptatem ducimus optio eius et est. Autem commodi dicta natus est voluptates perspiciatis. Quia mollitia magnam officiis dolores consectetur sed sed impedit.', '1972-05-12 10:12:13', '2018-03-20 04:28:22');
INSERT INTO `products` VALUES (193, 'TV Natus', 90, 2, 'https://lorempixel.com/500/500/?78746', 'Qui aut et porro id aut vero. Optio ratione ut enim modi quia. Architecto modi ex consequatur consequatur ut adipisci neque.', '2004-10-21 09:16:19', '2018-03-20 04:28:22');
INSERT INTO `products` VALUES (194, 'Asus Ratione', 61, 9, 'https://lorempixel.com/500/500/?67774', 'Tempora cumque cum aut ea pariatur at est. Quis natus animi provident nihil. Vel voluptatem cum reiciendis placeat corporis. Neque quam vitae doloremque quia.', '1996-10-03 01:37:00', '2018-03-20 04:28:22');
INSERT INTO `products` VALUES (195, 'Bike Illum', 80, 8, 'https://lorempixel.com/500/500/?91292', 'Voluptate voluptates aliquam et nulla debitis et. Aliquam id quos accusamus aut error est. Voluptatem ut odio dolore eligendi. Eum possimus sed voluptatem a explicabo odio.', '1984-05-14 23:22:19', '2018-03-20 04:28:22');
INSERT INTO `products` VALUES (196, 'Lumia Vero', 33, 7, 'https://lorempixel.com/500/500/?12173', 'Velit error repellat qui enim ad consectetur. Asperiores et praesentium occaecati nostrum ut nesciunt. Incidunt deleniti voluptatem animi deserunt a sint maiores.', '2001-08-11 21:18:38', '2018-03-20 04:28:22');
INSERT INTO `products` VALUES (197, 'LED Ullam', 82, 7, 'https://lorempixel.com/500/500/?70301', 'Qui vel repellat debitis. Ullam qui dolorem minima voluptatem ad. Fugiat sit ut iure est quasi eligendi et.', '2008-01-27 11:11:20', '2018-03-20 04:28:22');
INSERT INTO `products` VALUES (198, 'Macbook Air Dolore', 109, 1, 'https://lorempixel.com/500/500/?39470', 'Recusandae a velit sunt qui est itaque consequuntur odio. Illum aperiam culpa sit sit. Quos impedit doloremque est hic veritatis repellat excepturi.', '2018-01-23 04:35:17', '2018-03-20 04:28:22');
INSERT INTO `products` VALUES (199, 'ROG Quod', 48, 5, 'https://lorempixel.com/500/500/?60914', 'Et et laborum alias fugit laborum. Sit sed ipsa sint nihil. Voluptatibus omnis iste amet commodi error.', '2017-04-17 21:53:38', '2018-03-20 04:28:22');
INSERT INTO `products` VALUES (200, 'Bike Natus', 56, 1, 'https://lorempixel.com/500/500/?48328', 'Earum possimus quia qui est dolore voluptas eum facilis. Aut itaque inventore tenetur delectus. Maxime qui enim error assumenda blanditiis.', '1978-12-12 07:52:29', '2018-03-20 04:28:22');
INSERT INTO `products` VALUES (201, 'Toshiba Iste', 76, 3, 'https://lorempixel.com/500/500/?42134', 'Aspernatur deserunt alias et sunt necessitatibus occaecati. Beatae officiis veniam doloribus repellendus voluptatem. Ea adipisci est quasi quod. Accusamus enim et accusamus dolor.', '1982-11-29 07:56:01', '2018-03-20 04:28:22');
INSERT INTO `products` VALUES (202, 'LED Deleniti', 71, 10, 'https://lorempixel.com/500/500/?88389', 'Magnam deserunt at ut corporis aut et voluptate qui. Autem id quia aliquam laborum facilis aut libero. Facere rerum cumque in sint aut velit at.', '2007-03-28 21:55:02', '2018-03-20 04:28:22');
INSERT INTO `products` VALUES (203, 'Lumia Cupiditate', 37, 10, 'https://lorempixel.com/500/500/?36366', 'Repellendus accusamus quisquam ullam odio. Dicta rerum voluptates ut repellat vitae. Ea aliquam tempore ut illo quaerat rerum. Voluptatibus similique voluptatum qui hic et.', '2010-11-25 05:16:37', '2018-03-20 04:28:22');
INSERT INTO `products` VALUES (204, 'TV Quod', 31, 7, 'https://lorempixel.com/500/500/?45124', 'Excepturi labore voluptatem quasi. Aut et illum dolorem quisquam dolore consequatur. Quae autem cumque voluptas quisquam ipsam dolore tenetur fugiat.', '1991-01-08 23:50:50', '2018-03-20 04:28:22');
INSERT INTO `products` VALUES (205, 'LCD Explicabo', 63, 3, 'https://lorempixel.com/500/500/?24612', 'Voluptas rem facere quia enim consequatur eos dolor. Voluptas quasi nihil magni amet. Molestias ut voluptas dolor atque illum eius officia. Ullam quis est quidem nemo mollitia iure.', '1981-03-02 14:22:41', '2018-03-20 04:28:22');
INSERT INTO `products` VALUES (206, 'Macbook Pro Laborum', 94, 7, 'https://lorempixel.com/500/500/?57149', 'Porro voluptas dolorem velit possimus libero doloremque quos. Facilis est occaecati odit consequatur cupiditate. Error velit autem aut mollitia fugit eligendi non.', '1978-12-21 03:45:50', '2018-03-20 04:28:22');
INSERT INTO `products` VALUES (207, 'LCD Nam', 87, 1, 'https://lorempixel.com/500/500/?50759', 'Qui aut doloribus ipsam doloremque qui. Praesentium aut quia et praesentium illum ipsa vel. Beatae accusamus debitis blanditiis iusto dolorem earum.', '2009-09-28 06:23:51', '2018-03-20 04:28:23');
INSERT INTO `products` VALUES (208, 'Macbook Pro Qui', 38, 3, 'https://lorempixel.com/500/500/?16986', 'Architecto alias harum ipsum. Aut rerum consequatur nisi eaque minima autem qui sint. Sed error debitis fugiat. Eveniet reiciendis blanditiis quis. Neque nesciunt sint omnis tempore qui qui.', '1970-04-10 23:07:51', '2018-03-20 04:28:23');
INSERT INTO `products` VALUES (209, 'LCD Deleniti', 91, 6, 'https://lorempixel.com/500/500/?37823', 'Voluptas odit fuga inventore. Maxime saepe corporis suscipit enim labore. Repellendus molestias rerum ex aut.', '1993-02-16 17:01:39', '2018-03-20 04:28:23');
INSERT INTO `products` VALUES (210, 'Lumia Eveniet', 65, 5, 'https://lorempixel.com/500/500/?65808', 'Ea nostrum quaerat adipisci. Maxime tempore autem id dicta voluptatibus assumenda. Aut natus exercitationem at itaque.', '1991-08-30 10:33:11', '2018-03-20 04:28:23');
INSERT INTO `products` VALUES (211, 'Bike Ullam', 69, 7, 'https://lorempixel.com/500/500/?31458', 'Officia rerum officia odit rerum nesciunt. Soluta autem cupiditate aut autem quia dolorem. Quod atque culpa quia sit reiciendis quas. Neque ipsum quis rem minima incidunt.', '2006-03-09 12:25:40', '2018-03-20 04:28:23');
INSERT INTO `products` VALUES (212, 'Lumia Quae', 77, 6, 'https://lorempixel.com/500/500/?73169', 'Omnis consectetur doloremque deleniti sunt voluptatem quae officiis. Sed dolores veritatis consequatur ipsum consequatur. Non nam aut tenetur porro asperiores fuga.', '1972-08-23 04:05:10', '2018-03-20 04:28:23');
INSERT INTO `products` VALUES (213, 'Bike Iusto', 39, 4, 'https://lorempixel.com/500/500/?52158', 'Libero vitae qui voluptate animi non id omnis. Quis distinctio ut et ducimus cum. Laborum fugiat esse quisquam omnis quos voluptatem eos in. Autem et doloremque perspiciatis saepe modi ad voluptas.', '1971-02-28 10:08:59', '2018-03-20 04:28:23');
INSERT INTO `products` VALUES (214, 'Asus Error', 102, 4, 'https://lorempixel.com/500/500/?74243', 'Quas minus corporis magnam dolores sit quo. Molestias ut a blanditiis libero repellat deserunt veritatis. Voluptatibus suscipit distinctio ut libero ea non. Iusto omnis id vel eum accusantium veniam.', '1981-02-05 06:51:02', '2018-03-20 04:28:23');
INSERT INTO `products` VALUES (215, 'Toshiba Autem', 109, 10, 'https://lorempixel.com/500/500/?14258', 'Reprehenderit tempora et enim in commodi. Ut voluptates quam animi nihil atque tempore vitae culpa. Sed itaque voluptatem molestiae illo et fugit blanditiis.', '1989-09-20 11:14:05', '2018-03-20 04:28:23');
INSERT INTO `products` VALUES (216, 'TV Voluptates', 49, 10, 'https://lorempixel.com/500/500/?76704', 'Aut error quam iste velit id facere. Dolorem ratione molestiae nobis pariatur. Laborum illum eum praesentium commodi sed. Quasi adipisci aliquid minima nam facilis similique.', '2008-08-03 23:02:22', '2018-03-20 04:28:23');
INSERT INTO `products` VALUES (217, 'Toshiba Autem', 31, 2, 'https://lorempixel.com/500/500/?64944', 'Et et porro consequatur hic. Sed in corporis tenetur debitis voluptatem. Mollitia et occaecati qui aut. Occaecati dolorem sunt perspiciatis facilis.', '1990-10-13 21:21:42', '2018-03-20 04:28:23');
INSERT INTO `products` VALUES (218, 'LCD Exercitationem', 41, 10, 'https://lorempixel.com/500/500/?78627', 'Maiores in optio illum accusantium repellendus alias. Expedita explicabo ullam doloremque omnis dignissimos est. Et dolores minus quae laudantium.', '2013-06-20 01:58:18', '2018-03-20 04:28:23');
INSERT INTO `products` VALUES (219, 'Lumia Libero', 62, 2, 'https://lorempixel.com/500/500/?75748', 'Adipisci minus nihil ex consequatur et corrupti. Nam molestias quia impedit officia aut eligendi quisquam. Doloribus autem aliquid et sed non quia maiores.', '2016-06-23 15:58:04', '2018-03-20 04:28:23');
INSERT INTO `products` VALUES (220, 'Lumia Nesciunt', 62, 6, 'https://lorempixel.com/500/500/?47302', 'Accusamus debitis adipisci odio vel. Nobis nemo modi esse repellendus deserunt voluptas ipsa. Officia qui repellat maiores delectus eos.', '2004-07-26 11:45:54', '2018-03-20 04:28:23');
INSERT INTO `products` VALUES (221, 'Bike Nesciunt', 94, 4, 'https://lorempixel.com/500/500/?71155', 'Repellat unde distinctio rerum assumenda non. Quam earum mollitia at dignissimos.', '2014-09-04 10:12:20', '2018-03-20 04:28:23');
INSERT INTO `products` VALUES (222, 'LCD Accusamus', 57, 5, 'https://lorempixel.com/500/500/?70362', 'Rem dignissimos inventore adipisci nostrum. Possimus doloribus rerum dolorem dolore magnam est. Aut soluta vitae officia natus qui quia.', '2001-04-18 21:34:31', '2018-03-20 04:28:23');
INSERT INTO `products` VALUES (223, 'Toshiba Velit', 95, 8, 'https://lorempixel.com/500/500/?75082', 'Sunt in deleniti harum et sequi omnis. Nihil sequi veritatis ea expedita rerum voluptatem. In consequuntur quo id omnis alias et voluptatibus. Sint et quia incidunt asperiores voluptas labore.', '1981-01-10 04:45:35', '2018-03-20 04:28:23');
INSERT INTO `products` VALUES (224, 'LCD Dolores', 41, 9, 'https://lorempixel.com/500/500/?69085', 'Iure facilis ut accusamus. Iusto ad quia est velit dignissimos. Eius saepe pariatur non aut iusto. Ea debitis nulla adipisci. Molestias quia eos iste blanditiis et.', '1996-09-02 05:04:06', '2018-03-20 04:28:23');
INSERT INTO `products` VALUES (225, 'Lenovo Earum', 107, 6, 'https://lorempixel.com/500/500/?51682', 'Sequi tenetur incidunt voluptatem repellendus cum quas. Id veritatis sit hic perspiciatis. Necessitatibus aliquam sequi omnis rerum.', '1983-09-30 19:46:05', '2018-03-20 04:28:23');
INSERT INTO `products` VALUES (226, 'Asus Aperiam', 46, 7, 'https://lorempixel.com/500/500/?47932', 'Voluptatem dolorem autem nesciunt ut. Vel quia quia velit dignissimos magnam. Quae impedit sint aut dignissimos ut et magni. Aperiam sint quis commodi ut. Distinctio nisi laborum iusto non.', '2009-05-16 23:24:18', '2018-03-20 04:28:23');
INSERT INTO `products` VALUES (227, 'TV Beatae', 95, 4, 'https://lorempixel.com/500/500/?97680', 'Sit possimus natus sapiente ut quia. Non neque dicta voluptates. Iure odio unde sed ea. Ea assumenda odio doloribus repellendus.', '1975-02-22 08:06:03', '2018-03-20 04:28:23');
INSERT INTO `products` VALUES (228, 'Bike Tempore', 60, 3, 'https://lorempixel.com/500/500/?90821', 'Aut et ut similique mollitia rerum. Commodi sint ut sit vel. Perferendis impedit et ut ut tempore.', '2010-02-15 12:53:01', '2018-03-20 04:28:23');
INSERT INTO `products` VALUES (229, 'Lumia Voluptas', 38, 5, 'https://lorempixel.com/500/500/?18269', 'Et magni esse quia quidem qui voluptatem. Aut fugit voluptatibus praesentium voluptatem porro quibusdam numquam. Et ratione unde itaque itaque nihil hic nam. Inventore nam facere perspiciatis est.', '1999-09-16 09:13:21', '2018-03-20 04:28:23');
INSERT INTO `products` VALUES (230, 'ROG Dolorem', 47, 1, 'https://lorempixel.com/500/500/?26371', 'Harum quas atque est. Fugiat deleniti voluptatibus sed incidunt cum.', '1992-07-02 19:58:00', '2018-03-20 04:28:23');
INSERT INTO `products` VALUES (231, 'ROG Animi', 83, 7, 'https://lorempixel.com/500/500/?16483', 'Et et accusantium voluptatem tenetur. Labore alias totam illum ea quod dolor. Omnis nihil sunt dolore libero qui. Fuga molestiae maxime non sint. Amet rerum assumenda qui autem odio maxime.', '1991-12-01 17:50:13', '2018-03-20 04:28:23');
INSERT INTO `products` VALUES (232, 'TV Necessitatibus', 58, 10, 'https://lorempixel.com/500/500/?21617', 'Perspiciatis illo debitis soluta sit dolor quia magnam. Temporibus doloribus voluptatem totam. Accusamus est dicta quis sed nisi. Voluptatem assumenda fugiat enim commodi excepturi beatae.', '1983-01-09 00:23:30', '2018-03-20 04:28:23');
INSERT INTO `products` VALUES (233, 'Lumia Autem', 80, 9, 'https://lorempixel.com/500/500/?97798', 'Eligendi aut nemo harum libero. Et reprehenderit dolor consequatur minima. Qui ad et accusamus nisi et est earum.', '1987-09-23 04:45:37', '2018-03-20 04:28:23');
INSERT INTO `products` VALUES (234, 'ROG Ratione', 100, 5, 'https://lorempixel.com/500/500/?72932', 'Facere et odio iste et facere qui ad. Iusto et molestias laboriosam ipsum velit ut. Maiores dolores rem ab illum blanditiis ipsa. Sed ratione quis id rerum.', '2010-07-11 21:04:20', '2018-03-20 04:28:23');
INSERT INTO `products` VALUES (235, 'LCD Blanditiis', 69, 7, 'https://lorempixel.com/500/500/?93607', 'Consequatur velit tenetur maiores sequi. Rerum et necessitatibus ducimus hic voluptatibus. Et eum et aliquid tempore quia. Vel quae quia sed odio modi. Rem nihil sit qui voluptates.', '1989-09-18 11:38:43', '2018-03-20 04:28:23');
INSERT INTO `products` VALUES (236, 'Macbook Pro Vel', 83, 1, 'https://lorempixel.com/500/500/?91031', 'Voluptate voluptas vitae iste tenetur vel in. Eaque explicabo nesciunt ducimus perspiciatis est. Hic enim praesentium est voluptatem dolorum voluptate consequatur. A tempore molestias expedita nobis.', '2005-01-17 10:42:28', '2018-03-20 04:28:23');
INSERT INTO `products` VALUES (237, 'Toshiba Reiciendis', 68, 5, 'https://lorempixel.com/500/500/?23149', 'Laudantium fugit explicabo sit sint. Veniam quaerat voluptatem eos sed sequi atque nesciunt. Fuga delectus neque et vitae fugit non facere. Nostrum quo enim et deleniti.', '1985-01-27 18:43:36', '2018-03-20 04:28:23');
INSERT INTO `products` VALUES (238, 'Lumia Placeat', 105, 8, 'https://lorempixel.com/500/500/?47628', 'Voluptatem ea ipsum ea incidunt ut sit culpa. Aut voluptatem voluptate repellendus debitis ea aspernatur rem natus. Qui ipsa in expedita iure aut repellendus.', '1990-01-01 11:21:39', '2018-03-20 04:28:23');
INSERT INTO `products` VALUES (239, 'LED Nulla', 97, 9, 'https://lorempixel.com/500/500/?63444', 'Ea aperiam vel sed eaque sapiente. Dolores ipsum reprehenderit qui consectetur labore tempora. Aut impedit id voluptatum sed libero voluptas accusantium. Minus reiciendis deleniti odio non esse.', '1977-05-29 08:18:39', '2018-03-20 04:28:23');
INSERT INTO `products` VALUES (240, 'Asus Veniam', 43, 4, 'https://lorempixel.com/500/500/?13672', 'Quis repellat eos in cumque. Voluptas dolorum delectus eligendi consequatur nihil. Ipsam quam est eum fugiat omnis ab dolorem.', '1970-12-06 21:14:49', '2018-03-20 04:28:23');
INSERT INTO `products` VALUES (241, 'Macbook Air Incidunt', 78, 7, 'https://lorempixel.com/500/500/?81770', 'Itaque cupiditate numquam velit porro. Deleniti mollitia ipsum facere. Velit nobis et eveniet sint. Voluptatem quis ipsam pariatur iusto amet quo ipsa ad.', '1999-07-03 23:17:19', '2018-03-20 04:28:23');
INSERT INTO `products` VALUES (242, 'Lenovo Enim', 97, 8, 'https://lorempixel.com/500/500/?19598', 'Omnis dolores veniam officiis ipsa ut et voluptatem quos. Architecto et vero eos aliquid voluptates repellat. In ut quia ut illo ut sed adipisci.', '1991-09-16 18:24:14', '2018-03-20 04:28:23');
INSERT INTO `products` VALUES (243, 'Asus Repellendus', 83, 1, 'https://lorempixel.com/500/500/?82620', 'Reiciendis repellat autem perspiciatis. Commodi voluptatem et occaecati et temporibus enim numquam asperiores. Atque qui reiciendis eos et. Rerum beatae quod eveniet.', '1974-11-05 10:46:02', '2018-03-20 04:28:23');
INSERT INTO `products` VALUES (244, 'Lumia Eveniet', 46, 4, 'https://lorempixel.com/500/500/?28431', 'Adipisci voluptatem voluptatem et. Sed qui delectus qui quia consequatur aliquam. Consectetur consectetur molestiae quam ut dolore temporibus aliquam.', '2007-05-28 07:52:09', '2018-03-20 04:28:23');
INSERT INTO `products` VALUES (245, 'TV Reprehenderit', 108, 2, 'https://lorempixel.com/500/500/?98527', 'Reiciendis est iste neque laboriosam eum. Est blanditiis ut et natus quam. Voluptas voluptas hic dicta rerum quia omnis ad. Eaque ex quas porro qui.', '1984-12-12 03:04:57', '2018-03-20 04:28:23');
INSERT INTO `products` VALUES (246, 'LCD Autem', 43, 4, 'https://lorempixel.com/500/500/?89425', 'Ab temporibus quaerat animi autem. Officia dolorem corporis quia. Ut amet id saepe. Tempore sed delectus tempora consequuntur ea.', '2004-02-17 09:43:09', '2018-03-20 04:28:23');
INSERT INTO `products` VALUES (247, 'ROG Eum', 70, 8, 'https://lorempixel.com/500/500/?32547', 'Aut sit atque autem et voluptas praesentium quam facilis. Ut ullam similique praesentium non. Harum vel quia pariatur error. Tempore dolore aut sit officiis.', '1979-08-19 15:55:40', '2018-03-20 04:28:23');
INSERT INTO `products` VALUES (248, 'Bike Sit', 75, 6, 'https://lorempixel.com/500/500/?61390', 'Eaque odit voluptatem voluptas voluptatem excepturi facere. Iste iste beatae delectus et beatae aut. Sit saepe quod ea optio.', '1990-09-18 03:07:43', '2018-03-20 04:28:23');
INSERT INTO `products` VALUES (249, 'Toshiba Necessitatibus', 94, 1, 'https://lorempixel.com/500/500/?45214', 'Blanditiis numquam odit voluptates est autem. Impedit ad quo qui cum ipsa quia. Quod perspiciatis voluptatem vero minus.', '2014-12-15 14:45:18', '2018-03-20 04:28:23');
INSERT INTO `products` VALUES (250, 'Toshiba Eligendi', 44, 3, 'https://lorempixel.com/500/500/?35814', 'Est incidunt quia et velit ut. Fugit id nihil quas. Ducimus dolor sed repellendus recusandae nobis eos aperiam soluta. Hic vel quos nulla odit et.', '1997-10-30 05:59:46', '2018-03-20 04:28:23');
COMMIT;

-- ----------------------------
-- Table structure for settings
-- ----------------------------
DROP TABLE IF EXISTS `settings`;
CREATE TABLE `settings` (
  `id` int(10) unsigned NOT NULL AUTO_INCREMENT,
  `meta_key` varchar(255) COLLATE utf8mb4_unicode_ci NOT NULL,
  `meta_value` varchar(255) COLLATE utf8mb4_unicode_ci NOT NULL,
  `created_at` timestamp NULL DEFAULT NULL,
  `updated_at` timestamp NULL DEFAULT NULL,
  PRIMARY KEY (`id`)
) ENGINE=InnoDB AUTO_INCREMENT=5 DEFAULT CHARSET=utf8mb4 COLLATE=utf8mb4_unicode_ci;

-- ----------------------------
-- Records of settings
-- ----------------------------
BEGIN;
INSERT INTO `settings` VALUES (1, 'company_name', 'Native Theme Inc', '2018-03-20 04:28:15', NULL);
INSERT INTO `settings` VALUES (2, 'company_address', '1 Infinite Loop 95014 Cuperino, CA United States', '2018-03-20 04:28:15', NULL);
INSERT INTO `settings` VALUES (3, 'company_phone_number', '800-692-7753', '2018-03-20 04:28:15', NULL);
INSERT INTO `settings` VALUES (4, 'company_email', 'mail@native-theme.com', '2018-03-20 04:28:15', NULL);
COMMIT;

-- ----------------------------
-- Table structure for transaction_details
-- ----------------------------
DROP TABLE IF EXISTS `transaction_details`;
CREATE TABLE `transaction_details` (
  `id` int(10) unsigned NOT NULL AUTO_INCREMENT,
  `transaction_id` int(11) NOT NULL,
  `product_id` int(11) NOT NULL,
  `price` int(11) NOT NULL,
  `qty` int(11) NOT NULL,
  `subtotal_price` int(11) NOT NULL,
  `created_at` timestamp NULL DEFAULT NULL,
  `updated_at` timestamp NULL DEFAULT NULL,
  PRIMARY KEY (`id`)
) ENGINE=InnoDB AUTO_INCREMENT=176 DEFAULT CHARSET=utf8mb4 COLLATE=utf8mb4_unicode_ci;

-- ----------------------------
-- Records of transaction_details
-- ----------------------------
BEGIN;
INSERT INTO `transaction_details` VALUES (1, 1, 5, 51, 1, 50, '2003-06-30 07:52:02', '2018-03-20 04:28:22');
INSERT INTO `transaction_details` VALUES (2, 1, 4, 108, 6, 91, '1973-03-01 22:13:46', '2018-03-20 04:28:22');
INSERT INTO `transaction_details` VALUES (3, 2, 6, 103, 7, 87, '1986-05-18 11:38:33', '2018-03-20 04:28:22');
INSERT INTO `transaction_details` VALUES (4, 3, 11, 63, 1, 72, '1984-07-20 20:55:37', '2018-03-20 04:28:22');
INSERT INTO `transaction_details` VALUES (5, 3, 11, 39, 10, 36, '1972-04-30 02:29:39', '2018-03-20 04:28:22');
INSERT INTO `transaction_details` VALUES (6, 3, 11, 64, 4, 67, '2016-11-04 12:25:05', '2018-03-20 04:28:22');
INSERT INTO `transaction_details` VALUES (7, 4, 17, 71, 4, 57, '2006-03-25 02:36:00', '2018-03-20 04:28:22');
INSERT INTO `transaction_details` VALUES (8, 4, 18, 85, 10, 73, '1999-02-11 06:51:04', '2018-03-20 04:28:22');
INSERT INTO `transaction_details` VALUES (9, 4, 18, 34, 10, 62, '1970-12-03 20:12:02', '2018-03-20 04:28:22');
INSERT INTO `transaction_details` VALUES (10, 5, 24, 85, 4, 104, '1997-09-30 02:16:42', '2018-03-20 04:28:22');
INSERT INTO `transaction_details` VALUES (11, 5, 22, 33, 10, 67, '1994-10-18 08:02:39', '2018-03-20 04:28:22');
INSERT INTO `transaction_details` VALUES (12, 6, 26, 94, 7, 48, '1993-10-05 08:11:50', '2018-03-20 04:28:22');
INSERT INTO `transaction_details` VALUES (13, 6, 30, 76, 6, 77, '2014-04-03 08:31:12', '2018-03-20 04:28:22');
INSERT INTO `transaction_details` VALUES (14, 6, 27, 61, 7, 107, '2002-06-26 08:20:15', '2018-03-20 04:28:22');
INSERT INTO `transaction_details` VALUES (15, 6, 26, 100, 5, 30, '1997-10-25 21:50:56', '2018-03-20 04:28:22');
INSERT INTO `transaction_details` VALUES (16, 7, 32, 69, 9, 106, '1983-01-12 14:36:15', '2018-03-20 04:28:22');
INSERT INTO `transaction_details` VALUES (17, 7, 35, 85, 3, 46, '1990-04-20 22:03:51', '2018-03-20 04:28:22');
INSERT INTO `transaction_details` VALUES (18, 8, 38, 94, 9, 54, '2016-08-07 06:27:40', '2018-03-20 04:28:22');
INSERT INTO `transaction_details` VALUES (19, 9, 44, 96, 7, 81, '1980-08-05 06:54:39', '2018-03-20 04:28:22');
INSERT INTO `transaction_details` VALUES (20, 9, 45, 56, 4, 32, '1982-06-22 03:27:30', '2018-03-20 04:28:22');
INSERT INTO `transaction_details` VALUES (21, 9, 41, 43, 4, 93, '1973-05-03 13:16:32', '2018-03-20 04:28:22');
INSERT INTO `transaction_details` VALUES (22, 10, 49, 37, 2, 64, '1977-04-28 19:22:59', '2018-03-20 04:28:22');
INSERT INTO `transaction_details` VALUES (23, 10, 49, 57, 1, 105, '2006-05-11 17:09:17', '2018-03-20 04:28:22');
INSERT INTO `transaction_details` VALUES (24, 10, 48, 59, 10, 84, '2012-08-17 07:31:06', '2018-03-20 04:28:22');
INSERT INTO `transaction_details` VALUES (25, 10, 50, 30, 6, 98, '2006-02-11 22:05:18', '2018-03-20 04:28:22');
INSERT INTO `transaction_details` VALUES (26, 11, 51, 92, 6, 71, '2018-02-16 04:43:33', '2018-03-20 04:28:22');
INSERT INTO `transaction_details` VALUES (27, 11, 51, 72, 5, 43, '1970-07-27 07:25:04', '2018-03-20 04:28:22');
INSERT INTO `transaction_details` VALUES (28, 11, 53, 108, 9, 58, '1994-03-26 18:03:55', '2018-03-20 04:28:22');
INSERT INTO `transaction_details` VALUES (29, 11, 52, 55, 10, 46, '1997-06-04 12:13:41', '2018-03-20 04:28:22');
INSERT INTO `transaction_details` VALUES (30, 11, 54, 51, 7, 83, '2002-05-03 12:51:30', '2018-03-20 04:28:22');
INSERT INTO `transaction_details` VALUES (31, 11, 51, 42, 6, 48, '1982-05-21 12:56:11', '2018-03-20 04:28:22');
INSERT INTO `transaction_details` VALUES (32, 12, 57, 109, 6, 104, '2008-11-13 00:25:00', '2018-03-20 04:28:22');
INSERT INTO `transaction_details` VALUES (33, 12, 57, 89, 5, 56, '1992-10-26 07:39:44', '2018-03-20 04:28:22');
INSERT INTO `transaction_details` VALUES (34, 12, 56, 69, 9, 103, '1996-12-26 20:26:41', '2018-03-20 04:28:22');
INSERT INTO `transaction_details` VALUES (35, 12, 60, 52, 1, 105, '1984-12-28 18:03:58', '2018-03-20 04:28:22');
INSERT INTO `transaction_details` VALUES (36, 12, 60, 68, 8, 52, '2010-04-11 10:44:24', '2018-03-20 04:28:22');
INSERT INTO `transaction_details` VALUES (37, 13, 65, 79, 4, 53, '1983-07-19 18:57:09', '2018-03-20 04:28:22');
INSERT INTO `transaction_details` VALUES (38, 13, 64, 94, 1, 107, '1979-08-05 12:51:22', '2018-03-20 04:28:22');
INSERT INTO `transaction_details` VALUES (39, 13, 64, 81, 4, 94, '1989-07-11 06:30:44', '2018-03-20 04:28:22');
INSERT INTO `transaction_details` VALUES (40, 13, 64, 61, 3, 57, '1999-09-02 01:00:59', '2018-03-20 04:28:22');
INSERT INTO `transaction_details` VALUES (41, 13, 61, 44, 10, 37, '1976-05-10 14:30:06', '2018-03-20 04:28:22');
INSERT INTO `transaction_details` VALUES (42, 14, 68, 42, 9, 93, '1999-06-18 14:53:34', '2018-03-20 04:28:22');
INSERT INTO `transaction_details` VALUES (43, 14, 68, 97, 1, 98, '1994-01-29 11:52:18', '2018-03-20 04:28:22');
INSERT INTO `transaction_details` VALUES (44, 15, 74, 76, 3, 42, '1982-02-23 04:07:47', '2018-03-20 04:28:22');
INSERT INTO `transaction_details` VALUES (45, 16, 76, 67, 8, 109, '2003-01-04 15:16:51', '2018-03-20 04:28:22');
INSERT INTO `transaction_details` VALUES (46, 16, 79, 78, 2, 94, '2013-05-23 05:29:19', '2018-03-20 04:28:22');
INSERT INTO `transaction_details` VALUES (47, 16, 80, 99, 4, 79, '1981-05-02 18:55:05', '2018-03-20 04:28:22');
INSERT INTO `transaction_details` VALUES (48, 16, 78, 45, 1, 32, '1983-08-03 02:07:51', '2018-03-20 04:28:22');
INSERT INTO `transaction_details` VALUES (49, 16, 76, 74, 5, 76, '2000-06-12 17:09:30', '2018-03-20 04:28:22');
INSERT INTO `transaction_details` VALUES (50, 17, 82, 33, 5, 50, '2010-03-27 21:52:59', '2018-03-20 04:28:22');
INSERT INTO `transaction_details` VALUES (51, 17, 84, 56, 9, 110, '2008-08-30 07:12:11', '2018-03-20 04:28:22');
INSERT INTO `transaction_details` VALUES (52, 17, 82, 102, 5, 56, '1995-02-06 21:38:13', '2018-03-20 04:28:22');
INSERT INTO `transaction_details` VALUES (53, 18, 86, 84, 8, 64, '1985-08-04 13:59:37', '2018-03-20 04:28:22');
INSERT INTO `transaction_details` VALUES (54, 18, 88, 35, 4, 75, '1986-03-20 19:18:34', '2018-03-20 04:28:22');
INSERT INTO `transaction_details` VALUES (55, 18, 89, 48, 5, 103, '1970-07-12 22:24:59', '2018-03-20 04:28:22');
INSERT INTO `transaction_details` VALUES (56, 18, 88, 36, 6, 100, '2009-09-13 05:19:54', '2018-03-20 04:28:22');
INSERT INTO `transaction_details` VALUES (57, 18, 88, 48, 3, 52, '2014-02-24 05:56:17', '2018-03-20 04:28:22');
INSERT INTO `transaction_details` VALUES (58, 18, 88, 36, 9, 56, '1989-05-29 08:27:54', '2018-03-20 04:28:22');
INSERT INTO `transaction_details` VALUES (59, 19, 94, 40, 8, 71, '2010-06-18 00:24:09', '2018-03-20 04:28:22');
INSERT INTO `transaction_details` VALUES (60, 19, 94, 97, 7, 34, '2012-04-14 07:28:09', '2018-03-20 04:28:22');
INSERT INTO `transaction_details` VALUES (61, 20, 99, 72, 7, 99, '1978-07-03 18:05:51', '2018-03-20 04:28:22');
INSERT INTO `transaction_details` VALUES (62, 20, 100, 102, 9, 100, '1981-04-19 11:55:02', '2018-03-20 04:28:22');
INSERT INTO `transaction_details` VALUES (63, 20, 99, 72, 10, 56, '1991-06-30 10:30:55', '2018-03-20 04:28:22');
INSERT INTO `transaction_details` VALUES (64, 21, 101, 68, 1, 90, '1998-10-14 12:47:06', '2018-03-20 04:28:22');
INSERT INTO `transaction_details` VALUES (65, 21, 104, 38, 1, 110, '1995-08-21 16:59:21', '2018-03-20 04:28:22');
INSERT INTO `transaction_details` VALUES (66, 21, 105, 50, 5, 34, '2000-04-12 08:53:23', '2018-03-20 04:28:22');
INSERT INTO `transaction_details` VALUES (67, 21, 103, 64, 8, 107, '1981-05-09 04:02:48', '2018-03-20 04:28:22');
INSERT INTO `transaction_details` VALUES (68, 22, 107, 81, 6, 107, '2007-05-05 03:27:18', '2018-03-20 04:28:22');
INSERT INTO `transaction_details` VALUES (69, 22, 110, 63, 4, 90, '1997-04-29 07:11:38', '2018-03-20 04:28:22');
INSERT INTO `transaction_details` VALUES (70, 22, 106, 56, 3, 33, '1992-03-25 21:11:10', '2018-03-20 04:28:22');
INSERT INTO `transaction_details` VALUES (71, 22, 109, 99, 6, 54, '2014-03-21 07:58:03', '2018-03-20 04:28:22');
INSERT INTO `transaction_details` VALUES (72, 23, 114, 56, 9, 101, '1979-05-27 19:25:17', '2018-03-20 04:28:22');
INSERT INTO `transaction_details` VALUES (73, 23, 111, 95, 1, 69, '2009-12-11 07:51:52', '2018-03-20 04:28:22');
INSERT INTO `transaction_details` VALUES (74, 23, 113, 44, 10, 55, '2012-05-23 22:33:09', '2018-03-20 04:28:22');
INSERT INTO `transaction_details` VALUES (75, 24, 120, 110, 3, 104, '2006-08-25 22:15:22', '2018-03-20 04:28:22');
INSERT INTO `transaction_details` VALUES (76, 24, 119, 53, 10, 95, '2016-05-01 08:56:27', '2018-03-20 04:28:22');
INSERT INTO `transaction_details` VALUES (77, 24, 119, 81, 10, 64, '1989-06-22 00:23:02', '2018-03-20 04:28:22');
INSERT INTO `transaction_details` VALUES (78, 24, 120, 50, 2, 61, '1993-05-07 23:16:12', '2018-03-20 04:28:22');
INSERT INTO `transaction_details` VALUES (79, 25, 122, 104, 9, 82, '1981-01-08 17:32:50', '2018-03-20 04:28:22');
INSERT INTO `transaction_details` VALUES (80, 25, 125, 95, 3, 106, '2012-03-16 07:26:53', '2018-03-20 04:28:22');
INSERT INTO `transaction_details` VALUES (81, 25, 124, 72, 10, 31, '1978-09-30 17:12:22', '2018-03-20 04:28:22');
INSERT INTO `transaction_details` VALUES (82, 26, 128, 79, 6, 75, '1977-03-13 12:04:11', '2018-03-20 04:28:22');
INSERT INTO `transaction_details` VALUES (83, 26, 126, 41, 1, 57, '2017-06-26 05:15:38', '2018-03-20 04:28:22');
INSERT INTO `transaction_details` VALUES (84, 27, 134, 38, 7, 79, '1972-08-10 02:31:46', '2018-03-20 04:28:22');
INSERT INTO `transaction_details` VALUES (85, 28, 136, 73, 10, 101, '1970-10-29 23:37:51', '2018-03-20 04:28:22');
INSERT INTO `transaction_details` VALUES (86, 28, 136, 86, 9, 84, '1975-12-12 00:04:08', '2018-03-20 04:28:22');
INSERT INTO `transaction_details` VALUES (87, 28, 139, 53, 6, 62, '2008-02-29 20:10:27', '2018-03-20 04:28:22');
INSERT INTO `transaction_details` VALUES (88, 28, 140, 32, 2, 94, '1988-06-09 05:15:20', '2018-03-20 04:28:22');
INSERT INTO `transaction_details` VALUES (89, 28, 140, 51, 6, 70, '1980-07-15 21:08:23', '2018-03-20 04:28:22');
INSERT INTO `transaction_details` VALUES (90, 28, 140, 97, 5, 33, '2003-12-31 01:24:44', '2018-03-20 04:28:22');
INSERT INTO `transaction_details` VALUES (91, 28, 137, 88, 7, 94, '2003-06-04 10:49:45', '2018-03-20 04:28:22');
INSERT INTO `transaction_details` VALUES (92, 28, 138, 67, 3, 57, '2013-02-02 20:59:53', '2018-03-20 04:28:22');
INSERT INTO `transaction_details` VALUES (93, 29, 143, 101, 1, 50, '1995-10-20 16:11:36', '2018-03-20 04:28:22');
INSERT INTO `transaction_details` VALUES (94, 29, 144, 61, 2, 60, '1971-09-02 06:07:04', '2018-03-20 04:28:22');
INSERT INTO `transaction_details` VALUES (95, 29, 145, 78, 9, 31, '1999-05-01 02:25:32', '2018-03-20 04:28:22');
INSERT INTO `transaction_details` VALUES (96, 29, 144, 63, 6, 37, '2001-07-18 14:58:48', '2018-03-20 04:28:22');
INSERT INTO `transaction_details` VALUES (97, 29, 143, 50, 9, 106, '2008-09-19 21:26:31', '2018-03-20 04:28:22');
INSERT INTO `transaction_details` VALUES (98, 30, 150, 41, 1, 68, '2014-11-21 03:14:59', '2018-03-20 04:28:22');
INSERT INTO `transaction_details` VALUES (99, 30, 147, 106, 3, 100, '2002-08-31 21:54:48', '2018-03-20 04:28:22');
INSERT INTO `transaction_details` VALUES (100, 30, 150, 106, 6, 92, '2015-01-22 02:36:26', '2018-03-20 04:28:22');
INSERT INTO `transaction_details` VALUES (101, 30, 148, 64, 4, 88, '2007-03-20 04:46:40', '2018-03-20 04:28:22');
INSERT INTO `transaction_details` VALUES (102, 30, 150, 38, 4, 41, '1995-09-10 05:16:59', '2018-03-20 04:28:22');
INSERT INTO `transaction_details` VALUES (103, 31, 153, 79, 4, 71, '1999-07-04 12:21:39', '2018-03-20 04:28:22');
INSERT INTO `transaction_details` VALUES (104, 31, 151, 52, 7, 51, '1986-09-11 14:32:33', '2018-03-20 04:28:22');
INSERT INTO `transaction_details` VALUES (105, 31, 153, 46, 2, 85, '2007-01-15 19:03:59', '2018-03-20 04:28:22');
INSERT INTO `transaction_details` VALUES (106, 32, 159, 39, 9, 76, '2000-10-26 09:44:29', '2018-03-20 04:28:22');
INSERT INTO `transaction_details` VALUES (107, 32, 157, 100, 9, 42, '1981-03-14 10:41:03', '2018-03-20 04:28:22');
INSERT INTO `transaction_details` VALUES (108, 33, 165, 89, 10, 56, '1998-11-21 05:16:31', '2018-03-20 04:28:22');
INSERT INTO `transaction_details` VALUES (109, 33, 164, 79, 7, 91, '1977-05-29 04:20:31', '2018-03-20 04:28:22');
INSERT INTO `transaction_details` VALUES (110, 33, 164, 31, 9, 34, '1992-08-18 15:45:11', '2018-03-20 04:28:22');
INSERT INTO `transaction_details` VALUES (111, 33, 165, 85, 5, 99, '1977-10-03 03:33:30', '2018-03-20 04:28:22');
INSERT INTO `transaction_details` VALUES (112, 33, 164, 89, 8, 110, '1983-11-24 23:56:23', '2018-03-20 04:28:22');
INSERT INTO `transaction_details` VALUES (113, 33, 164, 41, 10, 101, '2007-12-04 20:50:02', '2018-03-20 04:28:22');
INSERT INTO `transaction_details` VALUES (114, 34, 168, 96, 4, 102, '2015-11-06 07:25:10', '2018-03-20 04:28:22');
INSERT INTO `transaction_details` VALUES (115, 34, 168, 50, 5, 100, '2013-08-09 12:02:36', '2018-03-20 04:28:22');
INSERT INTO `transaction_details` VALUES (116, 34, 169, 51, 5, 99, '1998-06-27 22:53:22', '2018-03-20 04:28:22');
INSERT INTO `transaction_details` VALUES (117, 34, 166, 55, 8, 49, '1988-06-28 04:57:41', '2018-03-20 04:28:22');
INSERT INTO `transaction_details` VALUES (118, 34, 170, 108, 5, 88, '1995-04-09 04:35:20', '2018-03-20 04:28:22');
INSERT INTO `transaction_details` VALUES (119, 35, 173, 90, 6, 91, '2001-03-06 03:13:19', '2018-03-20 04:28:22');
INSERT INTO `transaction_details` VALUES (120, 35, 174, 98, 3, 67, '1982-07-14 16:48:44', '2018-03-20 04:28:22');
INSERT INTO `transaction_details` VALUES (121, 35, 171, 85, 1, 81, '1986-10-11 21:17:30', '2018-03-20 04:28:22');
INSERT INTO `transaction_details` VALUES (122, 35, 171, 105, 2, 67, '2005-08-05 22:20:24', '2018-03-20 04:28:22');
INSERT INTO `transaction_details` VALUES (123, 36, 180, 72, 9, 85, '1996-07-14 22:13:48', '2018-03-20 04:28:22');
INSERT INTO `transaction_details` VALUES (124, 36, 178, 62, 5, 109, '1998-04-24 12:44:18', '2018-03-20 04:28:22');
INSERT INTO `transaction_details` VALUES (125, 36, 178, 64, 4, 103, '1986-03-05 19:23:46', '2018-03-20 04:28:22');
INSERT INTO `transaction_details` VALUES (126, 36, 178, 61, 10, 55, '1973-06-13 06:22:15', '2018-03-20 04:28:22');
INSERT INTO `transaction_details` VALUES (127, 36, 176, 71, 3, 77, '2000-08-15 09:15:39', '2018-03-20 04:28:22');
INSERT INTO `transaction_details` VALUES (128, 37, 182, 74, 4, 92, '1989-03-20 17:28:29', '2018-03-20 04:28:22');
INSERT INTO `transaction_details` VALUES (129, 37, 181, 33, 7, 110, '1992-04-05 12:16:25', '2018-03-20 04:28:22');
INSERT INTO `transaction_details` VALUES (130, 37, 182, 58, 5, 88, '1971-08-12 19:56:36', '2018-03-20 04:28:22');
INSERT INTO `transaction_details` VALUES (131, 38, 188, 104, 4, 105, '1992-08-21 14:27:54', '2018-03-20 04:28:22');
INSERT INTO `transaction_details` VALUES (132, 38, 189, 78, 1, 92, '1984-08-19 08:14:26', '2018-03-20 04:28:22');
INSERT INTO `transaction_details` VALUES (133, 38, 189, 49, 4, 105, '2015-10-23 19:50:28', '2018-03-20 04:28:22');
INSERT INTO `transaction_details` VALUES (134, 39, 195, 50, 8, 49, '1972-09-22 00:37:06', '2018-03-20 04:28:22');
INSERT INTO `transaction_details` VALUES (135, 40, 198, 61, 2, 77, '1984-04-21 08:53:20', '2018-03-20 04:28:22');
INSERT INTO `transaction_details` VALUES (136, 40, 196, 62, 6, 87, '1991-04-11 19:32:06', '2018-03-20 04:28:22');
INSERT INTO `transaction_details` VALUES (137, 40, 198, 43, 10, 70, '1992-07-02 10:49:40', '2018-03-20 04:28:22');
INSERT INTO `transaction_details` VALUES (138, 40, 200, 50, 7, 73, '2003-10-15 19:54:24', '2018-03-20 04:28:22');
INSERT INTO `transaction_details` VALUES (139, 40, 200, 103, 2, 62, '1985-12-24 02:35:04', '2018-03-20 04:28:22');
INSERT INTO `transaction_details` VALUES (140, 41, 205, 92, 4, 93, '1970-05-13 07:44:13', '2018-03-20 04:28:22');
INSERT INTO `transaction_details` VALUES (141, 41, 201, 94, 9, 109, '1983-08-21 15:12:51', '2018-03-20 04:28:22');
INSERT INTO `transaction_details` VALUES (142, 41, 203, 40, 6, 78, '1992-11-21 17:52:53', '2018-03-20 04:28:22');
INSERT INTO `transaction_details` VALUES (143, 41, 202, 110, 10, 44, '1987-02-18 22:40:42', '2018-03-20 04:28:22');
INSERT INTO `transaction_details` VALUES (144, 41, 202, 102, 1, 43, '1995-05-01 16:55:34', '2018-03-20 04:28:22');
INSERT INTO `transaction_details` VALUES (145, 41, 203, 39, 10, 106, '2003-08-01 20:54:28', '2018-03-20 04:28:22');
INSERT INTO `transaction_details` VALUES (146, 42, 207, 61, 3, 61, '1976-06-18 13:36:46', '2018-03-20 04:28:23');
INSERT INTO `transaction_details` VALUES (147, 42, 209, 59, 6, 42, '1992-02-27 23:21:14', '2018-03-20 04:28:23');
INSERT INTO `transaction_details` VALUES (148, 42, 209, 99, 5, 95, '2010-01-29 08:17:31', '2018-03-20 04:28:23');
INSERT INTO `transaction_details` VALUES (149, 42, 206, 109, 10, 106, '1985-08-10 01:51:52', '2018-03-20 04:28:23');
INSERT INTO `transaction_details` VALUES (150, 43, 213, 49, 1, 86, '1982-12-18 16:53:35', '2018-03-20 04:28:23');
INSERT INTO `transaction_details` VALUES (151, 44, 216, 101, 10, 31, '2013-12-03 13:41:58', '2018-03-20 04:28:23');
INSERT INTO `transaction_details` VALUES (152, 44, 218, 42, 1, 99, '1990-10-09 05:02:42', '2018-03-20 04:28:23');
INSERT INTO `transaction_details` VALUES (153, 44, 216, 32, 3, 105, '1976-10-12 21:08:45', '2018-03-20 04:28:23');
INSERT INTO `transaction_details` VALUES (154, 44, 217, 37, 7, 97, '1986-11-06 02:46:32', '2018-03-20 04:28:23');
INSERT INTO `transaction_details` VALUES (155, 45, 223, 33, 2, 98, '1975-09-18 05:21:45', '2018-03-20 04:28:23');
INSERT INTO `transaction_details` VALUES (156, 45, 225, 79, 8, 60, '1975-10-27 05:21:33', '2018-03-20 04:28:23');
INSERT INTO `transaction_details` VALUES (157, 45, 223, 73, 7, 75, '1985-03-18 14:04:41', '2018-03-20 04:28:23');
INSERT INTO `transaction_details` VALUES (158, 45, 221, 73, 5, 55, '1991-02-07 18:47:41', '2018-03-20 04:28:23');
INSERT INTO `transaction_details` VALUES (159, 46, 229, 100, 6, 73, '1984-10-02 07:48:06', '2018-03-20 04:28:23');
INSERT INTO `transaction_details` VALUES (160, 46, 230, 48, 2, 93, '1980-02-09 03:40:50', '2018-03-20 04:28:23');
INSERT INTO `transaction_details` VALUES (161, 47, 232, 48, 1, 51, '1991-06-11 04:31:12', '2018-03-20 04:28:23');
INSERT INTO `transaction_details` VALUES (162, 47, 231, 51, 1, 101, '2009-07-23 06:20:34', '2018-03-20 04:28:23');
INSERT INTO `transaction_details` VALUES (163, 47, 234, 103, 4, 93, '2016-02-12 15:20:34', '2018-03-20 04:28:23');
INSERT INTO `transaction_details` VALUES (164, 48, 237, 52, 3, 83, '1978-07-10 00:21:48', '2018-03-20 04:28:23');
INSERT INTO `transaction_details` VALUES (165, 48, 240, 87, 10, 92, '2014-12-10 23:49:49', '2018-03-20 04:28:23');
INSERT INTO `transaction_details` VALUES (166, 48, 239, 56, 10, 69, '1973-04-27 17:44:18', '2018-03-20 04:28:23');
INSERT INTO `transaction_details` VALUES (167, 48, 239, 69, 9, 76, '1992-12-07 05:02:45', '2018-03-20 04:28:23');
INSERT INTO `transaction_details` VALUES (168, 49, 241, 90, 7, 39, '1977-11-14 12:46:54', '2018-03-20 04:28:23');
INSERT INTO `transaction_details` VALUES (169, 49, 245, 56, 4, 44, '1978-02-21 15:42:14', '2018-03-20 04:28:23');
INSERT INTO `transaction_details` VALUES (170, 49, 244, 56, 1, 76, '2002-11-01 13:18:37', '2018-03-20 04:28:23');
INSERT INTO `transaction_details` VALUES (171, 49, 243, 97, 8, 91, '2014-09-19 13:22:46', '2018-03-20 04:28:23');
INSERT INTO `transaction_details` VALUES (172, 50, 248, 56, 7, 107, '1981-04-30 16:50:05', '2018-03-20 04:28:23');
INSERT INTO `transaction_details` VALUES (173, 50, 247, 53, 4, 45, '1993-09-02 03:47:34', '2018-03-20 04:28:23');
INSERT INTO `transaction_details` VALUES (174, 50, 246, 55, 10, 45, '1988-04-10 20:54:29', '2018-03-20 04:28:23');
INSERT INTO `transaction_details` VALUES (175, 50, 249, 108, 9, 85, '1980-02-11 12:13:19', '2018-03-20 04:28:23');
COMMIT;

-- ----------------------------
-- Table structure for transactions
-- ----------------------------
DROP TABLE IF EXISTS `transactions`;
CREATE TABLE `transactions` (
  `id` int(10) unsigned NOT NULL AUTO_INCREMENT,
  `invoice` varchar(255) COLLATE utf8mb4_unicode_ci NOT NULL,
  `client_name` varchar(255) COLLATE utf8mb4_unicode_ci NOT NULL,
  `client_address` varchar(255) COLLATE utf8mb4_unicode_ci NOT NULL,
  `client_phone` varchar(255) COLLATE utf8mb4_unicode_ci NOT NULL,
  `total_price` int(11) NOT NULL,
  `created_at` timestamp NULL DEFAULT NULL,
  `updated_at` timestamp NULL DEFAULT NULL,
  PRIMARY KEY (`id`)
) ENGINE=InnoDB AUTO_INCREMENT=51 DEFAULT CHARSET=utf8mb4 COLLATE=utf8mb4_unicode_ci;

-- ----------------------------
-- Records of transactions
-- ----------------------------
BEGIN;
INSERT INTO `transactions` VALUES (1, 'TR2003183', 'Envato Pty Ltd', '2nd Floor St John Street, Aberdeenshire 2541 United Kingdom', '800-692-7753', 67, '2002-07-19 04:07:05', '2018-03-20 04:28:22');
INSERT INTO `transactions` VALUES (2, 'TR20031895', 'Envato Pty Ltd', '2nd Floor St John Street, Aberdeenshire 2541 United Kingdom', '800-692-7753', 75, '2000-12-06 00:01:52', '2018-03-20 04:28:22');
INSERT INTO `transactions` VALUES (3, 'TR20031874', 'Envato Pty Ltd', '2nd Floor St John Street, Aberdeenshire 2541 United Kingdom', '800-692-7753', 32, '1974-08-24 22:24:33', '2018-03-20 04:28:22');
INSERT INTO `transactions` VALUES (4, 'TR20031898', 'Envato Pty Ltd', '2nd Floor St John Street, Aberdeenshire 2541 United Kingdom', '800-692-7753', 32, '2001-02-12 12:13:59', '2018-03-20 04:28:22');
INSERT INTO `transactions` VALUES (5, 'TR20031858', 'Envato Pty Ltd', '2nd Floor St John Street, Aberdeenshire 2541 United Kingdom', '800-692-7753', 92, '1993-05-17 18:19:44', '2018-03-20 04:28:22');
INSERT INTO `transactions` VALUES (6, 'TR20031848', 'Envato Pty Ltd', '2nd Floor St John Street, Aberdeenshire 2541 United Kingdom', '800-692-7753', 65, '1996-06-15 19:49:33', '2018-03-20 04:28:22');
INSERT INTO `transactions` VALUES (7, 'TR20031882', 'Envato Pty Ltd', '2nd Floor St John Street, Aberdeenshire 2541 United Kingdom', '800-692-7753', 108, '2007-02-27 14:42:57', '2018-03-20 04:28:22');
INSERT INTO `transactions` VALUES (8, 'TR20031869', 'Envato Pty Ltd', '2nd Floor St John Street, Aberdeenshire 2541 United Kingdom', '800-692-7753', 74, '1988-05-28 20:59:10', '2018-03-20 04:28:22');
INSERT INTO `transactions` VALUES (9, 'TR20031852', 'Envato Pty Ltd', '2nd Floor St John Street, Aberdeenshire 2541 United Kingdom', '800-692-7753', 59, '2000-09-12 21:09:52', '2018-03-20 04:28:22');
INSERT INTO `transactions` VALUES (10, 'TR20031894', 'Envato Pty Ltd', '2nd Floor St John Street, Aberdeenshire 2541 United Kingdom', '800-692-7753', 77, '1972-12-22 04:58:58', '2018-03-20 04:28:22');
INSERT INTO `transactions` VALUES (11, 'TR20031875', 'Envato Pty Ltd', '2nd Floor St John Street, Aberdeenshire 2541 United Kingdom', '800-692-7753', 108, '1986-01-28 22:22:59', '2018-03-20 04:28:22');
INSERT INTO `transactions` VALUES (12, 'TR2003189', 'Envato Pty Ltd', '2nd Floor St John Street, Aberdeenshire 2541 United Kingdom', '800-692-7753', 104, '2010-01-06 22:26:44', '2018-03-20 04:28:22');
INSERT INTO `transactions` VALUES (13, 'TR2003186', 'Envato Pty Ltd', '2nd Floor St John Street, Aberdeenshire 2541 United Kingdom', '800-692-7753', 76, '1990-05-05 19:35:15', '2018-03-20 04:28:22');
INSERT INTO `transactions` VALUES (14, 'TR20031827', 'Envato Pty Ltd', '2nd Floor St John Street, Aberdeenshire 2541 United Kingdom', '800-692-7753', 77, '1991-05-27 13:19:02', '2018-03-20 04:28:22');
INSERT INTO `transactions` VALUES (15, 'TR200318100', 'Envato Pty Ltd', '2nd Floor St John Street, Aberdeenshire 2541 United Kingdom', '800-692-7753', 38, '2001-08-25 21:49:15', '2018-03-20 04:28:22');
INSERT INTO `transactions` VALUES (16, 'TR20031835', 'Envato Pty Ltd', '2nd Floor St John Street, Aberdeenshire 2541 United Kingdom', '800-692-7753', 86, '1993-03-22 15:31:35', '2018-03-20 04:28:22');
INSERT INTO `transactions` VALUES (17, 'TR20031877', 'Envato Pty Ltd', '2nd Floor St John Street, Aberdeenshire 2541 United Kingdom', '800-692-7753', 64, '1991-05-23 20:26:52', '2018-03-20 04:28:22');
INSERT INTO `transactions` VALUES (18, 'TR2003181', 'Envato Pty Ltd', '2nd Floor St John Street, Aberdeenshire 2541 United Kingdom', '800-692-7753', 80, '1988-05-20 13:00:46', '2018-03-20 04:28:22');
INSERT INTO `transactions` VALUES (19, 'TR20031897', 'Envato Pty Ltd', '2nd Floor St John Street, Aberdeenshire 2541 United Kingdom', '800-692-7753', 41, '2008-10-10 04:52:31', '2018-03-20 04:28:22');
INSERT INTO `transactions` VALUES (20, 'TR20031862', 'Envato Pty Ltd', '2nd Floor St John Street, Aberdeenshire 2541 United Kingdom', '800-692-7753', 50, '1986-02-11 11:42:25', '2018-03-20 04:28:22');
INSERT INTO `transactions` VALUES (21, 'TR20031891', 'Envato Pty Ltd', '2nd Floor St John Street, Aberdeenshire 2541 United Kingdom', '800-692-7753', 69, '2015-04-21 05:47:56', '2018-03-20 04:28:22');
INSERT INTO `transactions` VALUES (22, 'TR20031886', 'Envato Pty Ltd', '2nd Floor St John Street, Aberdeenshire 2541 United Kingdom', '800-692-7753', 67, '1994-09-29 02:55:38', '2018-03-20 04:28:22');
INSERT INTO `transactions` VALUES (23, 'TR20031875', 'Envato Pty Ltd', '2nd Floor St John Street, Aberdeenshire 2541 United Kingdom', '800-692-7753', 97, '1970-03-12 16:01:13', '2018-03-20 04:28:22');
INSERT INTO `transactions` VALUES (24, 'TR20031821', 'Envato Pty Ltd', '2nd Floor St John Street, Aberdeenshire 2541 United Kingdom', '800-692-7753', 108, '2003-12-25 17:33:10', '2018-03-20 04:28:22');
INSERT INTO `transactions` VALUES (25, 'TR20031855', 'Envato Pty Ltd', '2nd Floor St John Street, Aberdeenshire 2541 United Kingdom', '800-692-7753', 108, '1996-10-26 12:58:54', '2018-03-20 04:28:22');
INSERT INTO `transactions` VALUES (26, 'TR20031811', 'Envato Pty Ltd', '2nd Floor St John Street, Aberdeenshire 2541 United Kingdom', '800-692-7753', 62, '2008-02-28 04:57:04', '2018-03-20 04:28:22');
INSERT INTO `transactions` VALUES (27, 'TR20031861', 'Envato Pty Ltd', '2nd Floor St John Street, Aberdeenshire 2541 United Kingdom', '800-692-7753', 44, '2010-08-12 05:01:31', '2018-03-20 04:28:22');
INSERT INTO `transactions` VALUES (28, 'TR20031887', 'Envato Pty Ltd', '2nd Floor St John Street, Aberdeenshire 2541 United Kingdom', '800-692-7753', 97, '2002-09-16 21:30:23', '2018-03-20 04:28:22');
INSERT INTO `transactions` VALUES (29, 'TR20031823', 'Envato Pty Ltd', '2nd Floor St John Street, Aberdeenshire 2541 United Kingdom', '800-692-7753', 58, '2009-05-20 10:36:33', '2018-03-20 04:28:22');
INSERT INTO `transactions` VALUES (30, 'TR20031852', 'Envato Pty Ltd', '2nd Floor St John Street, Aberdeenshire 2541 United Kingdom', '800-692-7753', 91, '1988-07-13 07:00:46', '2018-03-20 04:28:22');
INSERT INTO `transactions` VALUES (31, 'TR20031878', 'Envato Pty Ltd', '2nd Floor St John Street, Aberdeenshire 2541 United Kingdom', '800-692-7753', 88, '1971-10-07 19:53:11', '2018-03-20 04:28:22');
INSERT INTO `transactions` VALUES (32, 'TR20031839', 'Envato Pty Ltd', '2nd Floor St John Street, Aberdeenshire 2541 United Kingdom', '800-692-7753', 51, '2011-10-16 17:24:35', '2018-03-20 04:28:22');
INSERT INTO `transactions` VALUES (33, 'TR20031848', 'Envato Pty Ltd', '2nd Floor St John Street, Aberdeenshire 2541 United Kingdom', '800-692-7753', 96, '1984-10-25 05:59:02', '2018-03-20 04:28:22');
INSERT INTO `transactions` VALUES (34, 'TR20031849', 'Envato Pty Ltd', '2nd Floor St John Street, Aberdeenshire 2541 United Kingdom', '800-692-7753', 57, '2001-07-05 03:12:44', '2018-03-20 04:28:22');
INSERT INTO `transactions` VALUES (35, 'TR20031871', 'Envato Pty Ltd', '2nd Floor St John Street, Aberdeenshire 2541 United Kingdom', '800-692-7753', 88, '1977-12-15 17:06:08', '2018-03-20 04:28:22');
INSERT INTO `transactions` VALUES (36, 'TR200318100', 'Envato Pty Ltd', '2nd Floor St John Street, Aberdeenshire 2541 United Kingdom', '800-692-7753', 45, '1987-03-13 09:08:49', '2018-03-20 04:28:22');
INSERT INTO `transactions` VALUES (37, 'TR20031869', 'Envato Pty Ltd', '2nd Floor St John Street, Aberdeenshire 2541 United Kingdom', '800-692-7753', 78, '2004-11-04 14:00:35', '2018-03-20 04:28:22');
INSERT INTO `transactions` VALUES (38, 'TR20031846', 'Envato Pty Ltd', '2nd Floor St John Street, Aberdeenshire 2541 United Kingdom', '800-692-7753', 97, '1984-06-10 13:37:10', '2018-03-20 04:28:22');
INSERT INTO `transactions` VALUES (39, 'TR20031861', 'Envato Pty Ltd', '2nd Floor St John Street, Aberdeenshire 2541 United Kingdom', '800-692-7753', 55, '2003-11-07 07:09:26', '2018-03-20 04:28:22');
INSERT INTO `transactions` VALUES (40, 'TR20031873', 'Envato Pty Ltd', '2nd Floor St John Street, Aberdeenshire 2541 United Kingdom', '800-692-7753', 59, '2017-07-05 05:48:56', '2018-03-20 04:28:22');
INSERT INTO `transactions` VALUES (41, 'TR20031886', 'Envato Pty Ltd', '2nd Floor St John Street, Aberdeenshire 2541 United Kingdom', '800-692-7753', 58, '2008-07-21 20:50:00', '2018-03-20 04:28:22');
INSERT INTO `transactions` VALUES (42, 'TR20031890', 'Envato Pty Ltd', '2nd Floor St John Street, Aberdeenshire 2541 United Kingdom', '800-692-7753', 107, '1984-12-15 11:06:35', '2018-03-20 04:28:22');
INSERT INTO `transactions` VALUES (43, 'TR20031870', 'Envato Pty Ltd', '2nd Floor St John Street, Aberdeenshire 2541 United Kingdom', '800-692-7753', 108, '1971-03-22 20:46:49', '2018-03-20 04:28:22');
INSERT INTO `transactions` VALUES (44, 'TR20031865', 'Envato Pty Ltd', '2nd Floor St John Street, Aberdeenshire 2541 United Kingdom', '800-692-7753', 86, '1973-06-22 22:45:26', '2018-03-20 04:28:22');
INSERT INTO `transactions` VALUES (45, 'TR20031886', 'Envato Pty Ltd', '2nd Floor St John Street, Aberdeenshire 2541 United Kingdom', '800-692-7753', 106, '2009-08-28 16:41:59', '2018-03-20 04:28:22');
INSERT INTO `transactions` VALUES (46, 'TR20031869', 'Envato Pty Ltd', '2nd Floor St John Street, Aberdeenshire 2541 United Kingdom', '800-692-7753', 53, '2004-02-14 15:57:58', '2018-03-20 04:28:22');
INSERT INTO `transactions` VALUES (47, 'TR20031885', 'Envato Pty Ltd', '2nd Floor St John Street, Aberdeenshire 2541 United Kingdom', '800-692-7753', 56, '1971-03-30 04:55:51', '2018-03-20 04:28:22');
INSERT INTO `transactions` VALUES (48, 'TR20031852', 'Envato Pty Ltd', '2nd Floor St John Street, Aberdeenshire 2541 United Kingdom', '800-692-7753', 85, '1990-07-25 23:27:51', '2018-03-20 04:28:22');
INSERT INTO `transactions` VALUES (49, 'TR20031897', 'Envato Pty Ltd', '2nd Floor St John Street, Aberdeenshire 2541 United Kingdom', '800-692-7753', 35, '2010-10-21 04:07:27', '2018-03-20 04:28:22');
INSERT INTO `transactions` VALUES (50, 'TR20031846', 'Envato Pty Ltd', '2nd Floor St John Street, Aberdeenshire 2541 United Kingdom', '800-692-7753', 77, '2013-03-31 16:59:57', '2018-03-20 04:28:22');
COMMIT;

-- ----------------------------
-- Table structure for users
-- ----------------------------
DROP TABLE IF EXISTS `users`;
CREATE TABLE `users` (
  `id` int(10) unsigned NOT NULL AUTO_INCREMENT,
  `group_id` varchar(255) COLLATE utf8mb4_unicode_ci NOT NULL,
  `name` varchar(255) COLLATE utf8mb4_unicode_ci NOT NULL,
  `email` varchar(255) COLLATE utf8mb4_unicode_ci NOT NULL,
  `password` varchar(255) COLLATE utf8mb4_unicode_ci NOT NULL,
  `token` varchar(255) COLLATE utf8mb4_unicode_ci NOT NULL,
  `remember_token` varchar(100) COLLATE utf8mb4_unicode_ci DEFAULT NULL,
  `created_at` timestamp NULL DEFAULT NULL,
  `updated_at` timestamp NULL DEFAULT NULL,
  PRIMARY KEY (`id`),
  UNIQUE KEY `users_email_unique` (`email`)
) ENGINE=InnoDB AUTO_INCREMENT=13 DEFAULT CHARSET=utf8mb4 COLLATE=utf8mb4_unicode_ci;

-- ----------------------------
-- Records of users
-- ----------------------------
BEGIN;
INSERT INTO `users` VALUES (1, '1', 'John Doe', 'johndoe@native-theme.com', '$2y$10$Z.KSsWLko7whEtCfVhdKReZo08KGhtD0osQFxesJ9iMZgJE6F.jzm', 'HVjO9BMGLC', 'OAxiioqVch', '2018-03-20 04:28:14', NULL);
INSERT INTO `users` VALUES (2, '2', 'Mohammed Stracke', 'eldred.reinger@example.com', '$2y$10$TKh8H1.PfQx37YgCzwiKb.KjNyWgaHb9cbcoQgdIVFlYg7B77UdFm', 'X5THn7wDW9', 'kwOnGSP9z6', '2018-03-20 04:28:22', '2018-03-20 04:28:22');
INSERT INTO `users` VALUES (3, '1', 'Ethyl Lebsack PhD', 'elfrieda49@example.org', '$2y$10$TKh8H1.PfQx37YgCzwiKb.KjNyWgaHb9cbcoQgdIVFlYg7B77UdFm', 'fRCuZD4q1T', 'lMkdXbuwG6', '2018-03-20 04:28:22', '2018-03-20 04:28:22');
INSERT INTO `users` VALUES (4, '1', 'Florine Lowe', 'abe.sawayn@example.org', '$2y$10$TKh8H1.PfQx37YgCzwiKb.KjNyWgaHb9cbcoQgdIVFlYg7B77UdFm', '6ME943f0BT', '5RbmMLxzIv', '2018-03-20 04:28:22', '2018-03-20 04:28:22');
INSERT INTO `users` VALUES (5, '2', 'Dr. Ivory Haley MD', 'herman.gaylord@example.net', '$2y$10$TKh8H1.PfQx37YgCzwiKb.KjNyWgaHb9cbcoQgdIVFlYg7B77UdFm', 'IkDzl9Bq2e', 'gFnzkqNYnT', '2018-03-20 04:28:22', '2018-03-20 04:28:22');
INSERT INTO `users` VALUES (6, '1', 'Ardith Price', 'jayde.blick@example.net', '$2y$10$TKh8H1.PfQx37YgCzwiKb.KjNyWgaHb9cbcoQgdIVFlYg7B77UdFm', 'SBq7qTTa7g', '3Xy76oW5UG', '2018-03-20 04:28:22', '2018-03-20 04:28:22');
INSERT INTO `users` VALUES (7, '2', 'Rogers Boyer', 'jerrold.vandervort@example.com', '$2y$10$TKh8H1.PfQx37YgCzwiKb.KjNyWgaHb9cbcoQgdIVFlYg7B77UdFm', '3ZNXdIzTy8', 'l3ktMGXxyP', '2018-03-20 04:28:22', '2018-03-20 04:28:22');
INSERT INTO `users` VALUES (8, '1', 'Dr. Landen Morissette IV', 'wilmer16@example.net', '$2y$10$TKh8H1.PfQx37YgCzwiKb.KjNyWgaHb9cbcoQgdIVFlYg7B77UdFm', 'qspDx9MYye', 'CPE39zOrcN', '2018-03-20 04:28:22', '2018-03-20 04:28:22');
INSERT INTO `users` VALUES (9, '2', 'Micheal Lakin', 'bruen.carrie@example.com', '$2y$10$TKh8H1.PfQx37YgCzwiKb.KjNyWgaHb9cbcoQgdIVFlYg7B77UdFm', 'xK5ijDGBAD', 'Vx4VQ6pkUD', '2018-03-20 04:28:22', '2018-03-20 04:28:22');
INSERT INTO `users` VALUES (10, '2', 'Ciara Cormier', 'von.palma@example.org', '$2y$10$TKh8H1.PfQx37YgCzwiKb.KjNyWgaHb9cbcoQgdIVFlYg7B77UdFm', 'G0EQ27ht0O', 'rT6jX52HXY', '2018-03-20 04:28:22', '2018-03-20 04:28:22');
INSERT INTO `users` VALUES (11, '2', 'Prof. Lempi Stanton', 'herman.luciano@example.net', '$2y$10$TKh8H1.PfQx37YgCzwiKb.KjNyWgaHb9cbcoQgdIVFlYg7B77UdFm', '1uWjpE0duV', 'ZBClZqaOuQ', '2018-03-20 04:28:22', '2018-03-20 04:28:22');
COMMIT;

SET FOREIGN_KEY_CHECKS = 1;
